run,browser,source_matrix,operation,size,scenario,samples,warmup,affinity,order,original_before_p50_us,original_after_p50_us,before_p50_us,after_p50_us,before_p95_us,after_p95_us,speedup
0,chromium,standard,ChannelUnreadPresence,50,capacity-16,100,20,0-3,before-after,899.9998569488525,1200.0000476837158,1200.0000476837158,1000,2000,1900.0000953674316,1.2000000476837158
1,chromium,standard,ItemPreviews,1,concurrent-8-total,100,20,0-3,after-before,700.0000476837158,1000,799.9999523162842,799.9999523162842,1799.9999523162842,1600.0001430511475,1.0
2,chromium,standard,SoupMailBackfill,1,hot-resolvers,100,20,0-3,before-after,500,700.0000476837158,599.9999046325684,500,2200.000047683716,1299.9999523162842,1.1999998092651367
3,chromium,standard,SoupMembership,1,concurrent-8-total,100,20,0-3,after-before,700.0000476837158,1100.0001430511475,799.9999523162842,799.9999523162842,1799.9999523162842,1900.0000953674316,1.0
4,chromium,standard,SoupNotifications,1,concurrent-8-total,100,20,0-3,before-after,1299.9999523162842,1700.0000476837158,1500,1200.0000476837158,4000,2700.000047683716,1.2499999503294648
5,chromium,standard,ChannelListItemFields,1,records-parse,100,20,0-3,after-before,1000,1399.9998569488525,1299.9999523162842,1200.0000476837158,1900.0000953674316,1900.0000953674316,1.0833332505491078
6,chromium,large,AgentSessionMentions,250,hot,100,20,0-3,before-after,1600.0001430511475,2000,1500,1200.0000476837158,3299.999952316284,3000,1.2499999503294648
6,chromium,large,AgentSessionMentions,250,unchanged-write,100,20,0-3,before-after,9799.999952316284,12699.999809265137,9399.999856948853,9600.000143051147,12299.999952316284,14100.000143051147,0.9791666371747856
7,chromium,large,GroupSoup,250,miss,100,20,0-3,after-before,299.9999523162842,500,299.9999523162842,299.9999523162842,500,500,1.0
8,chromium,large,ItemPreviewNameCacheWrite,250,unchanged-write,100,20,0-3,before-after,10400.000095367432,13000,10200.000047683716,10500,12600.000143051147,13100.000143051147,0.9714285759698778
9,chromium,large,GraphqlCrmCompanyQuickAccessFields,250,unchanged-write,100,20,0-3,after-before,6099.999904632568,8600.000143051147,5900.000095367432,6400.000095367432,7899.9998569488525,9400.000095367432,0.9218750011641532
9,chromium,large,GraphqlCrmCompanyQuickAccessFields,250,capacity-16,100,20,0-3,after-before,4299.999952316284,6500,4400.000095367432,3400.0000953674316,5500,4299.999952316284,1.2941176388090458
10,firefox,standard,AgentSessionMentions,1,hot-resolvers,100,20,0-3,before-after,860.0000000000136,1100.0000000000227,720.0000000000273,720.0000000000273,1040.0000000000773,1019.9999999999818,1.0
10,firefox,standard,AgentSessionMentions,1,variants-8,100,20,0-3,before-after,820.00000000005,1159.9999999999682,660.0000000000819,639.9999999999864,879.9999999999955,800.0000000000682,1.0312500000001499
11,firefox,standard,EntityActivity,50,miss,100,20,0-3,after-before,1040.0000000008731,1560.0000000013097,1080.000000000041,1079.9999999999272,1720.0000000000273,1280.0000000000864,1.0000000000001052
12,firefox,standard,GroupSoup,1,capacity-16,100,20,0-3,before-after,1620.0000000026193,2020.0000000040745,1640.0000000001,1480.0000000000182,2120.0000000001182,2100.0000000000227,1.108108108108162
13,firefox,standard,GroupSoupMembership,1,miss,100,20,0-3,after-before,1000,1360.000000000582,1120.0000000000045,1079.9999999999272,1480.0000000000182,1439.9999999999409,1.0370370370371111
14,firefox,standard,SoupMailBackfill,50,miss,100,20,0-3,before-after,1339.9999999965075,5019.999999989523,1259.999999999991,1259.999999999991,1620.0000000001182,1579.9999999999272,1.0
15,firefox,standard,SoupMembership,1,hot-resolvers,100,20,0-3,after-before,759.9999999947613,1099.9999999912689,740.0000000000091,680.0000000000068,1040.0000000000773,1160.0000000000819,1.0882352941176494
15,firefox,standard,SoupMembership,1,hot-json,100,20,0-3,after-before,599.9999999912689,900.0000000087311,639.9999999999864,600.0000000000227,839.9999999999181,899.9999999999773,1.0666666666666036
15,firefox,standard,SoupMembership,1,variants-8,100,20,0-3,after-before,639.9999999994179,1139.999999999418,620.0000000000045,619.9999999998909,840.0000000000318,800.0000000000682,1.0000000000001834
16,firefox,standard,GraphqlChatQuickAccessName,50,records-json,100,20,0-3,before-after,1940.0000000023283,2480.0000000104774,2100.0000000000227,1639.9999999999864,2780.0000000000864,2199.999999999932,1.2804878048780732
17,firefox,large,Favorites,250,miss,100,20,0-3,after-before,1000,1259.9999999947613,1139.9999999999864,1240.000000000009,1519.9999999999818,1899.9999999999773,0.9193548387096597
