operation,size,normalized_records,samples,p50_us,p95_us
AgentSessionMentions,1,4,3,249779.99999999997,259680.00000000006
AgentSessionMentions,50,57,3,254600.00000000035,264100.0000000001
ChannelListSoup,1,7,3,238619.99999999988,261300.00000000017
ChannelListSoup,50,231,3,260240.0000000007,280060.0000000004
ChannelUnreadPresence,1,3,3,236260.00000000023,252800.00000000017
ChannelUnreadPresence,50,60,3,234779.99999999974,246859.99999999968
EmailThreadPage,1,9,3,258779.99999999974,280059.9999999995
EmailThreadPage,50,303,3,291040.0000000009,296540.0000000009
EntityActivity,1,5,3,238659.99999999985,243120.00000000081
EntityActivity,50,152,3,245339.9999999983,260719.99999999936
EntityProperties,1,5,3,236939.9999999987,251340.00000000015
EntityProperties,50,152,3,283360.0000000006,286060.0000000013
Favorites,1,3,3,244399.99999999965,250739.99999999977
Favorites,50,52,3,244379.99999999919,249879.99999999919
GroupSoup,1,12,3,246279.99999999884,251599.99999999854
GroupSoup,50,542,3,318700.0000000007,324340.0000000001
GroupSoupMembership,1,4,3,237019.9999999968,266539.9999999972
GroupSoupMembership,50,102,3,238520.00000000044,241080.00000000175
ItemPreview,1,3,3,256580.00000000175,259159.99999999985
ItemPreview,50,52,3,243839.9999999965,248579.9999999981
ItemPreviewFileTypeCacheWrite,1,3,3,234420.0000000019,247440.00000000233
ItemPreviewFileTypeCacheWrite,50,52,3,267479.99999999953,268240.00000000163
ItemPreviewNameCacheWrite,1,3,3,235659.99999999985,248520.00000000044
ItemPreviewNameCacheWrite,50,52,3,242820.00000000335,250740.0000000016
ItemPreviews,1,3,3,257040.00000000087,263119.99999999895
ItemPreviews,50,60,3,255799.99999999927,256740.0000000016
MailAccounts,1,3,3,247020.00000000044,249979.99999999956
MailAccounts,50,52,3,251979.99999999593,271299.9999999993
MyActivity,1,3,3,244459.99999999913,245920.00000000553
MyActivity,50,52,3,247180.0000000003,247880.00000000466
MyActivityOverview,1,2,3,252920.00000000553,268319.9999999997
MyActivityOverview,50,2,3,249960.0000000064,250319.9999999997
Soup,1,9,3,276640.0000000067,306839.9999999965
Soup,50,323,3,292000,299019.9999999968
SoupBackfill,1,9,3,256840.00000000378,260819.9999999997
SoupBackfill,50,363,3,312120.0000000026,326360.0000000006
SoupMailBackfill,1,9,3,251660.0000000035,259019.9999999968
SoupMailBackfill,50,323,3,285099.99999999854,290599.99999999854
SoupMembership,1,3,3,244440.00000000233,263459.9999999991
SoupMembership,50,52,3,234300.0000000029,244000
SoupNotifications,1,5,3,242240.00000000524,245400.00000000146
SoupNotifications,50,152,3,266900.00000000146,267400.00000000146
SoupSharedMailBackfill,1,9,3,264959.9999999991,309000
SoupSharedMailBackfill,50,323,3,284839.9999999965,297319.9999999997
ChannelListItemFields,1,5,3,250819.9999999997,252740.00000000524
ChannelListItemFields,50,180,3,274640.0000000067,301159.9999999962
EmailThreadMessageFields,1,8,3,249900.00000000146,282319.9999999997
EmailThreadMessageFields,50,253,3,276300.0000000029,289519.9999999968
GraphqlChannelQuickAccessFields,1,3,3,253599.99999999854,256699.9999999971
GraphqlChannelQuickAccessFields,50,52,3,246840.00000000378,265860.0000000006
GraphqlChatQuickAccessName,1,3,3,237800.0000000029,241760.00000000204
GraphqlChatQuickAccessName,50,52,3,247260.00000000204,255720.00000000116
GraphqlCrmCompanyQuickAccessFields,1,3,3,251160.0000000035,282360.0000000006
GraphqlCrmCompanyQuickAccessFields,50,52,3,244760.00000000204,261959.99999999913
GraphqlDocumentQuickAccessName,1,3,3,238199.9999999971,245160.0000000035
GraphqlDocumentQuickAccessName,50,52,3,236279.99999999884,244399.99999999418
GraphqlProjectQuickAccessName,1,3,3,233860.00000000058,242680.00000000757
GraphqlProjectQuickAccessName,50,52,3,242800.0000000029,255839.9999999965
ItemPreviewFields,1,3,3,241440.00000000233,270880.00000000466
ItemPreviewFields,50,52,3,243639.99999999942,251679.99999999302
MailItemFields,1,7,3,247240.00000000524,257660.0000000035
MailItemFields,50,272,3,287500,304580.00000000175
SoupItemFields,1,7,3,271320.000000007,295660.0000000035
SoupItemFields,50,272,3,280380.00000000466,292880.00000000466
