operation,size,scenario,before_p50_us,after_p50_us,before_p95_us,after_p95_us,speedup
AgentSessionMentions,1,hot,5.568,4.206,5.689,5.1370000000000005,1.323823109843081
AgentSessionMentions,1,hot-registered,6.239,4.156,6.369000000000001,4.267,1.5012030798845044
AgentSessionMentions,1,hot-json,8.173,4.927,8.613,5.078,1.6588187538055614
AgentSessionMentions,1,hot-resolvers,8.222,5.186999999999999,8.763,5.4079999999999995,1.5851166377482169
AgentSessionMentions,1,ipc-json-codec,10.025,7.3309999999999995,10.266,7.511,1.3674805619969992
AgentSessionMentions,1,concurrent-8-total,95.914,78.107,110.977,148.90300000000002,1.2279821270820797
AgentSessionMentions,1,variants-8,10.366,4.287,10.626,4.797,2.418007930954047
AgentSessionMentions,50,hot,51.818,40.311,65.368,41.081,1.2854555828433927
AgentSessionMentions,50,hot-registered,61.622,39.879999999999995,68.38199999999999,40.39,1.5451855566700101
AgentSessionMentions,50,hot-json,65.679,43.856,66.339,54.692,1.4976058008026267
AgentSessionMentions,50,hot-resolvers,62.444,40.781,71.738,47.311,1.5312032564184304
AgentSessionMentions,50,ipc-json-codec,67.921,46.169,68.863,48.842999999999996,1.4711386428122768
AgentSessionMentions,50,concurrent-8-total,620.21,416.98499999999996,743.926,472.249,1.4873676511145488
AgentSessionMentions,50,variants-8,77.636,40.129999999999995,91.73700000000001,41.363,1.93461250934463
ChannelListSoup,1,hot,22.184,15.733999999999998,22.753999999999998,16.575,1.4099402567687813
ChannelListSoup,1,hot-registered,23.255,15.693999999999999,23.564999999999998,16.165,1.48177647508602
ChannelListSoup,1,hot-json,24.887999999999998,17.265,25.328,17.646,1.4415291051259773
ChannelListSoup,1,hot-resolvers,23.906000000000002,16.314,30.296,16.525,1.4653671693024397
ChannelListSoup,1,ipc-json-codec,33.9,25.819000000000003,38.067,26.149,1.3129865602850612
ChannelListSoup,1,concurrent-8-total,282.574,185.66899999999998,997.4960000000001,249.72500000000002,1.521923422865422
ChannelListSoup,1,variants-8,25.709,15.994,31.557000000000002,16.344,1.607415280730274
ChannelListSoup,50,hot,877.596,688.934,1180.591,713.691,1.2738462610351646
ChannelListSoup,50,hot-registered,938.257,689.5640000000001,1167.221,761.493,1.3606525282642363
ChannelListSoup,50,hot-json,1022.4940000000001,758.007,1357.085,902.494,1.3489242183779309
ChannelListSoup,50,hot-resolvers,943.606,708.022,1002.2029999999999,866.39,1.3327354234755415
ChannelListSoup,50,ipc-json-codec,1047.5020000000002,804.427,1418.078,1034.121,1.3021716078649774
ChannelListSoup,50,concurrent-8-total,7854.002,5953.921,8842.885,6725.0779999999995,1.319131039864318
ChannelListSoup,50,variants-8,1063.205,717.015,1329.013,837.236,1.4828211404224458
ChannelUnreadPresence,1,hot,3.1750000000000003,2.494,3.585,3.2849999999999997,1.2730553327987169
ChannelUnreadPresence,1,hot-registered,3.585,3.244,3.666,3.445,1.1051171393341552
ChannelUnreadPresence,1,hot-json,3.9759999999999995,2.644,5.448,2.724,1.5037821482602116
ChannelUnreadPresence,1,hot-resolvers,4.908,3.415,5.157,3.5149999999999997,1.4371888726207906
ChannelUnreadPresence,1,ipc-json-codec,6.62,4.937,6.76,5.038,1.3408952805347376
ChannelUnreadPresence,1,concurrent-8-total,64.747,60.751999999999995,82.284,107.54100000000001,1.0657591519620755
ChannelUnreadPresence,1,variants-8,4.917,3.264,5.288,3.8160000000000003,1.506433823529412
ChannelUnreadPresence,50,hot,51.347,40.29,67.982,41.041000000000004,1.2744353437577562
ChannelUnreadPresence,50,hot-registered,61.523,40.611000000000004,82.11399999999999,49.424,1.5149343773854373
ChannelUnreadPresence,50,hot-json,64.286,43.705000000000005,82.97399999999999,61.562000000000005,1.4709072188536778
ChannelUnreadPresence,50,hot-resolvers,61.352000000000004,46.159000000000006,69.464,57.216,1.3291449121514762
ChannelUnreadPresence,50,ipc-json-codec,71.267,58.588,92.618,64.157,1.216409503652625
ChannelUnreadPresence,50,concurrent-8-total,564.807,402.343,697.0360000000001,470.25600000000003,1.4037947721222936
ChannelUnreadPresence,50,variants-8,77.49600000000001,40.861,99.098,57.567,1.8965761973519986
EmailThreadPage,1,hot,45.088,31.568,47.972,41.402,1.4282818043588443
EmailThreadPage,1,hot-registered,45.969,30.676000000000002,51.818,36.184,1.498533055157126
EmailThreadPage,1,hot-json,60.961999999999996,44.697,73.05,66.349,1.3638946685459872
EmailThreadPage,1,hot-resolvers,47.441,32.078,50.876,41.112,1.478926366980485
EmailThreadPage,1,ipc-json-codec,64.717,48.683,65.749,65.068,1.3293552163999753
EmailThreadPage,1,concurrent-8-total,424.757,357.116,495.353,457.997,1.1894090435600757
EmailThreadPage,1,variants-8,48.223,30.906,50.065000000000005,31.517000000000003,1.5603119135442955
EmailThreadPage,50,hot,1786.94,1382.4740000000002,2351.6169999999997,1622.403,1.292566804149662
EmailThreadPage,50,hot-registered,1876.075,1339.62,2566.62,1513.51,1.40045311356952
EmailThreadPage,50,hot-json,2416.9159999999997,2235.543,2774.3920000000003,2574.032,1.0811315192774191
EmailThreadPage,50,hot-resolvers,1909.4940000000001,1698.959,1941.673,1911.9180000000001,1.123920000423789
EmailThreadPage,50,ipc-json-codec,2526.821,2175.774,3503.004,3005.037,1.1613435035072577
EmailThreadPage,50,concurrent-8-total,15461.884,12187.362000000001,17362.685999999998,15395.394,1.2686817705094835
EmailThreadPage,50,variants-8,1962.844,1362.434,2398.308,1443.765,1.4406892370566209
EntityActivity,1,hot,8.983,6.56,9.163,6.78,1.3693597560975612
EntityActivity,1,hot-registered,9.895,6.639,14.021,6.71,1.4904353065220663
EntityActivity,1,hot-json,11.988,7.381,13.12,7.492,1.624170166644086
EntityActivity,1,hot-resolvers,15.273000000000001,8.272,15.914,8.643,1.8463491295938106
EntityActivity,1,ipc-json-codec,18.388,10.665999999999999,26.139000000000003,10.957,1.723982748921808
EntityActivity,1,concurrent-8-total,140.41,105.338,346.569,118.308,1.3329472744878392
EntityActivity,1,variants-8,11.027,6.680000000000001,11.287,6.81,1.6507485029940117
EntityActivity,50,hot,452.569,291.717,577.677,304.336,1.5513974159887838
EntityActivity,50,hot-registered,414.592,290.887,432.879,318.428,1.4252682313063147
EntityActivity,50,hot-json,476.34499999999997,320.65099999999995,680.41,331.517,1.4855559471200777
EntityActivity,50,hot-resolvers,412.779,292.99,448.774,305.238,1.4088501314038022
EntityActivity,50,ipc-json-codec,454.942,331.597,482.42400000000004,424.006,1.371972605301013
EntityActivity,50,concurrent-8-total,3529.5449999999996,2647.411,4031.9680000000003,3118.9590000000003,1.3332062909763538
EntityActivity,50,variants-8,451.627,321.252,565.208,435.923,1.4058340492821835
EntityProperties,1,hot,11.337,8.142,11.858,8.292,1.39240972733972
EntityProperties,1,hot-registered,11.958,8.152,12.238,8.243,1.4668792934249266
EntityProperties,1,hot-json,13.1,9.093,13.5,10.254999999999999,1.4406686462113714
EntityProperties,1,hot-resolvers,12.77,8.874,13.068999999999999,8.993,1.4390353842686499
EntityProperties,1,ipc-json-codec,15.213,11.447000000000001,15.543,11.608,1.3289944963745959
EntityProperties,1,concurrent-8-total,141.76299999999998,101.58300000000001,171.978,109.595,1.3955386235885923
EntityProperties,1,variants-8,14.041,8.112,14.772,10.835999999999999,1.7308925049309665
EntityProperties,50,hot,437.86699999999996,330.63599999999997,516.094,366.089,1.3243173762082774
EntityProperties,50,hot-registered,468.252,331.007,475.99399999999997,357.13599999999997,1.4146286936530044
EntityProperties,50,hot-json,512.048,369.825,549.805,399.149,1.384568376935037
EntityProperties,50,hot-resolvers,475.012,345.248,655.453,394.883,1.3758573547131339
EntityProperties,50,ipc-json-codec,520.5709999999999,379.599,693.54,400.431,1.3713708413351984
EntityProperties,50,concurrent-8-total,4062.214,2901.993,4632.178,3356.024,1.3998014467988034
EntityProperties,50,variants-8,494.492,337.076,674.351,352.459,1.4670044737685268
Favorites,1,hot,4.827,3.5949999999999998,5.308,3.686,1.3426981919332408
Favorites,1,hot-registered,5.168,3.635,5.338,5.007,1.4217331499312242
Favorites,1,hot-json,6.9399999999999995,5.638999999999999,7.161,6.219,1.2307146657208725
Favorites,1,hot-resolvers,7.141,4.777,7.281000000000001,4.918,1.4948712581117856
Favorites,1,ipc-json-codec,8.552999999999999,8.933,8.722999999999999,9.374,0.9574610992947498
Favorites,1,concurrent-8-total,85.358,73.24,97.56599999999999,100.11,1.1654560349535774
Favorites,1,variants-8,7.732,4.697,8.352,6.009,1.6461571215669577
Favorites,50,hot,172.258,104.697,186.24900000000002,113.32000000000001,1.6453002473805363
Favorites,50,hot-registered,183.896,104.467,193.0,114.071,1.7603262274210993
Favorites,50,hot-json,162.704,143.24499999999998,178.147,154.15200000000002,1.1358441830430384
Favorites,50,hot-resolvers,152.198,106.15,162.69400000000002,141.93300000000002,1.4338012246820537
Favorites,50,ipc-json-codec,167.06,120.3,177.456,137.205,1.3886949293433084
Favorites,50,concurrent-8-total,1415.513,938.798,1558.598,1161.813,1.5077929437429562
Favorites,50,variants-8,166.60000000000002,107.05999999999999,181.372,141.753,1.556136745750047
GroupSoup,1,hot,65.688,48.243,74.081,62.073,1.3616068652446986
GroupSoup,1,hot-registered,67.25,47.832,68.783,48.492999999999995,1.4059625355410603
GroupSoup,1,hot-json,72.068,51.818,73.31,69.56400000000001,1.3907908448801576
GroupSoup,1,hot-resolvers,68.122,49.053,69.334,51.067,1.3887427884125334
GroupSoup,1,ipc-json-codec,87.832,68.913,96.364,97.847,1.2745345580659673
GroupSoup,1,concurrent-8-total,671.2769999999999,469.885,755.664,613.67,1.428598486863807
GroupSoup,1,variants-8,73.27,48.092,82.063,50.396,1.523538218414705
GroupSoup,50,hot,3854.913,2844.738,5032.349,3010.546,1.355103000698131
GroupSoup,50,hot-registered,4262.774,2830.426,4992.9400000000005,3077.4159999999997,1.5060538590304076
GroupSoup,50,hot-json,5290.927,3221.703,6610.256,3373.731,1.6422764606172573
GroupSoup,50,hot-resolvers,4551.848,2871.367,6017.236,3256.675,1.5852546887945707
GroupSoup,50,ipc-json-codec,5099.3,3301.602,5540.12,3577.988,1.5444926432683286
GroupSoup,50,concurrent-8-total,33619.583,23244.788999999997,38519.953,25872.731,1.4463277339278064
GroupSoup,50,variants-8,4151.4580000000005,2950.216,5338.458,3288.0119999999997,1.4071708647773589
GroupSoupMembership,1,hot,5.318,3.8959999999999995,5.588,4.487,1.3649897330595484
GroupSoupMembership,1,hot-registered,5.899,3.956,6.139,4.076,1.4911526794742165
GroupSoupMembership,1,hot-json,6.329,4.377,6.39,4.476999999999999,1.445967557687914
GroupSoupMembership,1,hot-resolvers,7.941000000000001,5.2379999999999995,8.132,5.458,1.516036655211913
GroupSoupMembership,1,ipc-json-codec,9.404,6.86,9.584,7.08,1.3708454810495625
GroupSoupMembership,1,concurrent-8-total,93.871,70.465,124.146,82.964,1.3321649045625485
GroupSoupMembership,1,variants-8,8.963000000000001,4.036,9.234,4.326,2.2207631318136776
GroupSoupMembership,50,hot,134.912,96.44500000000001,146.179,106.71,1.3988490849707087
GroupSoupMembership,50,hot-registered,156.174,96.554,169.094,104.016,1.6174783022971602
GroupSoupMembership,50,hot-json,166.93,106.019,215.853,115.994,1.5745290938416698
GroupSoupMembership,50,hot-resolvers,156.76500000000001,98.699,168.713,127.09,1.5883139646804934
GroupSoupMembership,50,ipc-json-codec,168.37199999999999,109.09299999999999,178.989,119.519,1.543380418541978
GroupSoupMembership,50,concurrent-8-total,1643.055,1000.451,2001.422,1141.261,1.6423143162433742
GroupSoupMembership,50,variants-8,418.127,96.91600000000001,428.56300000000005,106.13,4.314323744273391
ItemPreview,1,hot,5.439,2.884,6.84,3.345,1.8859223300970875
ItemPreview,1,hot-registered,6.34,2.884,6.54,2.965,2.1983356449375866
ItemPreview,1,hot-json,6.93,3.235,7.491,3.375,2.142194744976816
ItemPreview,1,hot-resolvers,8.864,4.086,9.394,5.4079999999999995,2.1693587860988743
ItemPreview,1,ipc-json-codec,11.427999999999999,8.331999999999999,13.871,8.703,1.371579452712434
ItemPreview,1,concurrent-8-total,84.868,56.565,996.004,62.684,1.5003624149208874
ItemPreview,1,variants-8,5.588,2.915,7.841,3.044,1.9169811320754717
ItemPreview,50,hot,84.42599999999999,68.172,86.149,78.458,1.2384263333920082
ItemPreview,50,hot-registered,93.771,67.391,112.108,68.562,1.3914469291151637
ItemPreview,50,hot-json,100.24000000000001,73.04899999999999,109.454,82.574,1.3722295993100524
ItemPreview,50,hot-resolvers,93.71,69.194,103.646,78.869,1.354308177009567
ItemPreview,50,ipc-json-codec,103.044,76.815,112.198,87.91199999999999,1.3414567467291545
ItemPreview,50,concurrent-8-total,905.3979999999999,608.032,1149.003,650.887,1.4890630756275982
ItemPreview,50,variants-8,108.02300000000001,94.48100000000001,118.527,96.224,1.1433304050549846
ItemPreviewFileTypeCacheWrite,1,hot,3.065,3.425,3.5549999999999997,3.946,0.8948905109489051
ItemPreviewFileTypeCacheWrite,1,hot-registered,3.5149999999999997,3.345,4.778,3.5149999999999997,1.0508221225710013
ItemPreviewFileTypeCacheWrite,1,hot-json,3.795,3.7560000000000002,3.856,3.9759999999999995,1.0103833865814695
ItemPreviewFileTypeCacheWrite,1,hot-resolvers,4.787,4.726999999999999,4.877,4.918,1.012693039983076
ItemPreviewFileTypeCacheWrite,1,ipc-json-codec,6.109,6.58,6.169,7.061,0.928419452887538
ItemPreviewFileTypeCacheWrite,1,concurrent-8-total,62.38400000000001,54.452,72.248,68.904,1.1456695805480057
ItemPreviewFileTypeCacheWrite,1,variants-8,4.837,2.403,5.028,2.825,2.0129005409904286
ItemPreviewFileTypeCacheWrite,50,hot,55.373,29.744,57.086,30.534999999999997,1.8616527703066164
ItemPreviewFileTypeCacheWrite,50,hot-registered,46.288999999999994,29.575,57.525999999999996,30.035,1.5651394759087065
ItemPreviewFileTypeCacheWrite,50,hot-json,49.434999999999995,32.869,58.468,33.32,1.5040007301712859
ItemPreviewFileTypeCacheWrite,50,hot-resolvers,64.347,30.976999999999997,68.79400000000001,31.287,2.0772508635439197
ItemPreviewFileTypeCacheWrite,50,ipc-json-codec,73.46000000000001,34.922000000000004,91.718,35.323,2.103545043239219
ItemPreviewFileTypeCacheWrite,50,concurrent-8-total,452.94,284.216,1332.869,341.512,1.593647085315394
ItemPreviewFileTypeCacheWrite,50,variants-8,62.284,28.983999999999998,79.9,38.889,2.148909743306652
ItemPreviewNameCacheWrite,1,hot,3.615,2.774,3.8360000000000003,3.305,1.3031723143475127
ItemPreviewNameCacheWrite,1,hot-registered,4.066,3.755,4.126,3.9960000000000004,1.0828229027962717
ItemPreviewNameCacheWrite,1,hot-json,4.407,4.2860000000000005,4.5569999999999995,4.417,1.0282314512365842
ItemPreviewNameCacheWrite,1,hot-resolvers,5.509,5.168,5.729,5.378,1.0659829721362228
ItemPreviewNameCacheWrite,1,ipc-json-codec,7.071,7.571,7.199999999999999,7.802,0.9339585259542993
ItemPreviewNameCacheWrite,1,concurrent-8-total,66.96,49.795,95.363,65.679,1.3447133246309868
ItemPreviewNameCacheWrite,1,variants-8,5.378,2.784,5.539,3.525,1.9317528735632186
ItemPreviewNameCacheWrite,50,hot,68.402,55.283,90.325,56.745,1.2373062243365953
ItemPreviewNameCacheWrite,50,hot-registered,77.396,54.772,78.568,66.59,1.4130577667421311
ItemPreviewNameCacheWrite,50,hot-json,82.925,59.97,83.235,61.222,1.3827747206936802
ItemPreviewNameCacheWrite,50,hot-resolvers,79.17800000000001,59.028,108.894,80.25999999999999,1.3413634207494751
ItemPreviewNameCacheWrite,50,ipc-json-codec,97.857,62.56400000000001,119.7,85.378,1.5641103510005752
ItemPreviewNameCacheWrite,50,concurrent-8-total,727.2510000000001,512.979,843.855,1004.5060000000001,1.4177013094103268
ItemPreviewNameCacheWrite,50,variants-8,92.099,54.361,101.252,66.27,1.694210923272199
ItemPreviews,1,hot,4.968,4.8069999999999995,5.198,5.417999999999999,1.0334928229665072
ItemPreviews,1,hot-registered,5.529,4.887,5.769,5.168,1.1313689379987724
ItemPreviews,1,hot-json,5.739,5.569,6.019,5.899,1.0305261267732089
ItemPreviews,1,hot-resolvers,6.059,5.879,6.119,6.119,1.0306174519476103
ItemPreviews,1,ipc-json-codec,9.043,10.616,9.274,10.926,0.851827430293896
ItemPreviews,1,concurrent-8-total,71.78699999999999,60.441,99.07900000000001,166.149,1.187720256117536
ItemPreviews,1,variants-8,7.161,3.5549999999999997,7.271,3.7359999999999998,2.0143459915611817
ItemPreviews,50,hot,125.99900000000001,101.573,137.587,112.248,1.2404772921937919
ItemPreviews,50,hot-registered,136.675,101.312,168.052,126.029,1.3490504579911562
ItemPreviews,50,hot-json,145.699,110.326,170.20600000000002,120.701,1.3206225187172562
ItemPreviews,50,hot-resolvers,138.05800000000002,103.11500000000001,174.452,113.41,1.3388740726373467
ItemPreviews,50,ipc-json-codec,151.387,115.964,198.97799999999998,138.56799999999998,1.3054654892897797
ItemPreviews,50,concurrent-8-total,1197.426,892.168,1331.7069999999999,1139.73,1.3421530474081114
ItemPreviews,50,variants-8,155.002,101.272,180.47,114.652,1.5305513863654316
MailAccounts,1,hot,2.243,1.6119999999999999,2.684,1.723,1.391439205955335
MailAccounts,1,hot-registered,2.674,1.573,2.7439999999999998,1.643,1.6999364272091544
MailAccounts,1,hot-json,2.975,1.933,3.0340000000000003,2.003,1.5390584583548887
MailAccounts,1,hot-resolvers,3.706,2.313,3.866,2.3729999999999998,1.6022481625594465
MailAccounts,1,ipc-json-codec,4.577,3.2550000000000003,4.687,3.405,1.4061443932411672
MailAccounts,1,concurrent-8-total,46.26,34.993,58.037,52.599000000000004,1.3219786814505756
MailAccounts,50,hot,54.321,50.866,68.322,52.398,1.0679235638737075
MailAccounts,50,hot-registered,63.645,51.317,69.21300000000001,52.289,1.2402322817000215
MailAccounts,50,hot-json,83.79599999999999,60.871,89.744,62.32300000000001,1.3766161226199667
MailAccounts,50,hot-resolvers,86.96,53.55,89.714,55.924,1.6239028944911298
MailAccounts,50,ipc-json-codec,94.462,63.475,107.321,65.06700000000001,1.4881764474202441
MailAccounts,50,concurrent-8-total,610.927,384.197,698.1669999999999,412.23900000000003,1.5901399542422248
MyActivity,1,hot,5.168,3.9960000000000004,6.921,5.859,1.2932932932932932
MyActivity,1,hot-registered,5.619,4.016,5.739,5.588,1.3991533864541832
MyActivity,1,hot-json,7.541,4.556,8.082,6.3,1.6551799824407376
MyActivity,1,hot-resolvers,7.601,5.138,7.692,6.249,1.4793694044375243
MyActivity,1,ipc-json-codec,9.754,7.140000000000001,9.885,10.556000000000001,1.3661064425770306
MyActivity,1,concurrent-8-total,84.707,63.896,93.28,67.25099999999999,1.325701139351446
MyActivity,1,variants-8,7.101,3.9659999999999997,7.260999999999999,4.267,1.7904689863842664
MyActivity,50,hot,149.904,117.626,159.60999999999999,156.826,1.2744121197694387
MyActivity,50,hot-registered,160.29999999999998,115.92399999999999,169.464,128.913,1.3828025257927608
MyActivity,50,hot-json,173.881,128.933,186.35,160.21,1.3486151722212312
MyActivity,50,hot-resolvers,161.302,117.636,172.058,153.119,1.371195892413887
MyActivity,50,ipc-json-codec,178.989,127.201,262.343,136.51399999999998,1.4071351640317293
MyActivity,50,concurrent-8-total,1359.6000000000001,989.745,1655.464,1112.779,1.3736871618447177
MyActivity,50,variants-8,179.159,117.056,216.815,130.506,1.5305409376708583
MyActivityOverview,1,hot,4.958,4.877,5.008,6.2299999999999995,1.0166085708427313
MyActivityOverview,1,hot-registered,5.298,4.847,5.417999999999999,4.937,1.0930472457190012
MyActivityOverview,1,hot-json,6.81,4.197,7.051,5.908,1.6225875625446746
MyActivityOverview,1,hot-resolvers,6.971,4.476,7.1,4.667000000000001,1.5574173369079536
MyActivityOverview,1,ipc-json-codec,8.562999999999999,6.279000000000001,8.643,6.42,1.363752189839146
MyActivityOverview,1,concurrent-8-total,80.641,62.644000000000005,85.488,75.884,1.2872900836472767
MyActivityOverview,50,hot,95.153,59.489,109.15400000000001,70.95700000000001,1.599505790986569
MyActivityOverview,50,hot-registered,95.012,59.089000000000006,117.61699999999999,67.592,1.607947333683088
MyActivityOverview,50,hot-json,127.661,66.269,142.835,76.965,1.9264060118607493
MyActivityOverview,50,hot-resolvers,118.33800000000001,61.642,134.843,65.82799999999999,1.9197624995944325
MyActivityOverview,50,ipc-json-codec,105.147,70.30499999999999,116.786,76.905,1.4955835289097505
MyActivityOverview,50,concurrent-8-total,808.3629999999999,567.6709999999999,884.7669999999999,640.741,1.423999112161798
Soup,1,hot,42.694,29.845,44.186,30.846000000000004,1.4305243759423691
Soup,1,hot-registered,43.636,29.363999999999997,44.507,30.176000000000002,1.4860373246151752
Soup,1,hot-json,47.209999999999994,32.349,55.383,33.571,1.4593959627809205
Soup,1,hot-resolvers,44.767,30.827,54.091,31.417,1.4522009926363253
Soup,1,ipc-json-codec,61.773,47.611000000000004,62.98499999999999,48.182,1.2974522694335342
Soup,1,concurrent-8-total,425.008,351.22700000000003,458.548,419.89000000000004,1.2100664242783157
Soup,1,variants-8,46.74,30.506,48.473,40.591,1.5321576083393431
Soup,50,hot,1812.869,1413.521,2310.806,1518.999,1.2825200333068982
Soup,50,hot-registered,1908.5829999999999,1431.8880000000001,1958.357,1710.116,1.332913607768205
Soup,50,hot-json,2147.651,1671.538,2560.1,2081.633,1.2848352834335803
Soup,50,hot-resolvers,1927.772,1504.407,2507.732,1759.209,1.2814165315635995
Soup,50,ipc-json-codec,2134.4210000000003,1649.935,2246.02,1845.829,1.2936394464024343
Soup,50,concurrent-8-total,15778.949,11399.159000000001,17950.667,13246.13,1.3842204499472284
Soup,50,variants-8,1956.425,1454.242,2442.624,1488.943,1.3453228554807246
SoupBackfill,1,hot,43.435,29.475,45.467999999999996,30.666,1.4736217133163698
SoupBackfill,1,hot-registered,44.226,29.114,45.067,29.484,1.519062993748712
SoupBackfill,1,hot-json,47.672,32.158,58.087,40.922,1.482430499409167
SoupBackfill,1,hot-resolvers,45.558,29.895,46.299,39.57,1.5239337681886602
SoupBackfill,1,ipc-json-codec,64.737,49.494,72.039,50.315000000000005,1.3079767244514486
SoupBackfill,1,concurrent-8-total,514.392,297.857,552.379,349.505,1.726976367854373
SoupBackfill,1,variants-8,65.078,31.027,69.835,31.988,2.0974634995326653
SoupBackfill,50,hot,2140.681,1663.0449999999998,2406.971,1946.189,1.2872056979817144
SoupBackfill,50,hot-registered,2278.338,1658.6280000000002,2587.842,2275.313,1.3736280829697798
SoupBackfill,50,hot-json,2603.4959999999996,2008.8129999999999,2878.729,2186.59,1.2960370129026444
SoupBackfill,50,hot-resolvers,2269.915,1679.599,2411.6279999999997,2110.015,1.35146246217103
SoupBackfill,50,ipc-json-codec,2642.564,2078.068,2923.0150000000003,2675.2630000000004,1.2716446237562966
SoupBackfill,50,concurrent-8-total,19277.487999999998,13797.187,20059.581,15952.059000000001,1.3972042272095027
SoupBackfill,50,variants-8,2309.875,1706.671,2412.919,2336.835,1.3534389463464251
SoupMailBackfill,1,hot,43.355000000000004,30.616,45.168,32.408,1.4160896263391691
SoupMailBackfill,1,hot-registered,44.637,30.154999999999998,46.009,30.766000000000002,1.4802520311722767
SoupMailBackfill,1,hot-json,48.012,32.81,49.394,33.69,1.463334349283755
SoupMailBackfill,1,hot-resolvers,45.479000000000006,31.237,55.102000000000004,32.147999999999996,1.455933668406057
SoupMailBackfill,1,ipc-json-codec,63.324999999999996,49.284,71.857,50.216,1.2848997646294944
SoupMailBackfill,1,concurrent-8-total,425.849,293.35,492.128,308.853,1.4516754729844894
SoupMailBackfill,1,variants-8,47.782,31.906999999999996,50.085,42.694,1.4975397248252735
SoupMailBackfill,50,hot,1792.95,1421.402,1868.152,1920.4109999999998,1.2613954391509228
SoupMailBackfill,50,hot-registered,1963.6950000000002,1424.958,2181.192,1641.893,1.3780721958120872
SoupMailBackfill,50,hot-json,2176.9950000000003,1614.291,2526.7110000000002,1888.9930000000002,1.3485765577581739
SoupMailBackfill,50,hot-resolvers,1927.501,1438.9080000000001,2009.9150000000002,1675.043,1.339558192740606
SoupMailBackfill,50,ipc-json-codec,2173.46,1658.928,2320.871,1728.934,1.3101593318094575
SoupMailBackfill,50,concurrent-8-total,16029.286,11522.315,17375.945,12366.721000000001,1.3911515177288591
SoupMailBackfill,50,variants-8,1934.973,1624.507,2290.596,1850.937,1.191113981041633
SoupMembership,1,hot,3.015,2.3329999999999997,3.415,2.633,1.2923274753536222
SoupMembership,1,hot-registered,3.536,2.353,3.576,2.4040000000000004,1.5027624309392265
SoupMembership,1,hot-json,3.776,2.574,3.875,2.684,1.466977466977467
SoupMembership,1,hot-resolvers,4.848,3.375,5.127,3.456,1.4364444444444444
SoupMembership,1,ipc-json-codec,6.069,4.436000000000001,6.22,4.497,1.3681244364292153
SoupMembership,1,concurrent-8-total,61.471999999999994,50.315000000000005,72.499,79.67,1.221743018980423
SoupMembership,1,variants-8,4.808000000000001,2.334,4.937,2.864,2.0599828620394174
SoupMembership,50,hot,34.472,26.54,35.383,32.649,1.298869630746044
SoupMembership,50,hot-registered,43.145,26.509999999999998,44.196000000000005,26.811,1.6274990569596381
SoupMembership,50,hot-json,46.059,29.535,46.57,29.985,1.559471813103098
SoupMembership,50,hot-resolvers,44.146,32.369,57.876,36.395,1.3638357687911273
SoupMembership,50,ipc-json-codec,48.343,31.436999999999998,61.963,34.942,1.5377739606196523
SoupMembership,50,concurrent-8-total,413.91,267.862,489.724,303.63599999999997,1.545235979720901
SoupMembership,50,variants-8,58.467,26.199,59.580000000000005,27.110999999999997,2.2316500629795026
SoupNotifications,1,hot,23.635,16.455000000000002,24.867,17.286,1.4363415375265876
SoupNotifications,1,hot-registered,24.396,16.215,24.727,16.545,1.5045328399629974
SoupNotifications,1,hot-json,26.58,18.398,36.995,19.629,1.444722252418741
SoupNotifications,1,hot-resolvers,25.028000000000002,16.875999999999998,25.549,17.035,1.4830528561270446
SoupNotifications,1,ipc-json-codec,35.313,27.261,48.402,27.881999999999998,1.29536700781336
SoupNotifications,1,concurrent-8-total,257.05600000000004,188.793,267.331,225.969,1.3615759058863413
SoupNotifications,1,variants-8,26.86,23.055,27.991999999999997,23.865,1.1650401214487096
SoupNotifications,50,hot,886.51,707.3309999999999,969.925,753.51,1.2533170467574588
SoupNotifications,50,hot-registered,948.864,706.781,1250.396,745.6379999999999,1.342514866698454
SoupNotifications,50,hot-json,1012.7890000000001,792.529,1059.97,826.149,1.2779204294101543
SoupNotifications,50,hot-resolvers,990.936,714.421,1295.243,758.0269999999999,1.3870476931669142
SoupNotifications,50,ipc-json-codec,1030.315,817.597,1267.481,1164.907,1.2601746337131865
SoupNotifications,50,concurrent-8-total,7940.742,5763.315,8111.808,6054.873,1.377808084409754
SoupNotifications,50,variants-8,997.747,711.157,1092.95,746.66,1.402991181975288
SoupSharedMailBackfill,1,hot,45.168,30.425,46.529999999999994,31.677999999999997,1.484568611339359
SoupSharedMailBackfill,1,hot-registered,52.869,29.985,63.185,30.375999999999998,1.7631815907953978
SoupSharedMailBackfill,1,hot-json,63.606,33.159,73.36999999999999,33.559999999999995,1.918212250067855
SoupSharedMailBackfill,1,hot-resolvers,55.824,31.186000000000003,68.583,31.677999999999997,1.7900339896107225
SoupSharedMailBackfill,1,ipc-json-codec,66.119,49.274,77.537,50.376,1.341863863295044
SoupSharedMailBackfill,1,concurrent-8-total,534.272,302.664,752.4590000000001,339.64,1.7652314117305001
SoupSharedMailBackfill,1,variants-8,58.739000000000004,30.747000000000003,63.606,31.868000000000002,1.910397762383322
SoupSharedMailBackfill,50,hot,1994.853,1449.174,2555.023,1562.494,1.3765448455464977
SoupSharedMailBackfill,50,hot-registered,1994.352,1591.467,2056.024,1854.1309999999999,1.2531532227812452
SoupSharedMailBackfill,50,hot-json,2215.683,1651.9379999999999,2405.9300000000003,1897.566,1.3412628076840658
SoupSharedMailBackfill,50,hot-resolvers,2041.943,1468.273,2608.633,1895.884,1.3907107193280814
SoupSharedMailBackfill,50,ipc-json-codec,2270.386,1785.849,3004.146,2188.523,1.2713202516002193
SoupSharedMailBackfill,50,concurrent-8-total,17521.904000000002,12957.437,22181.324,15102.605,1.3522661927663628
SoupSharedMailBackfill,50,variants-8,2053.0299999999997,1856.9859999999999,2511.2070000000003,2108.2230000000004,1.1055710705411887
ChannelListItemFields,1,records-hot,625.058,14.922,647.0999999999999,15.404,41.8883527677255
ChannelListItemFields,1,records-parse,1264.136,630.3660000000001,1659.339,880.41,2.005400037438567
ChannelListItemFields,50,records-hot,1742.2839999999999,661.762,2237.957,821.102,2.632795476319281
ChannelListItemFields,50,records-parse,2315.013,1344.386,2477.4559999999997,1635.934,1.7219853524211053
EmailThreadMessageFields,1,records-hot,96.27399999999999,20.601000000000003,104.547,21.592,4.673268287947185
EmailThreadMessageFields,1,records-parse,149.354,73.82,161.242,76.675,2.0232186399349774
EmailThreadMessageFields,50,records-hot,2127.101,1333.821,2178.568,1537.257,1.5947424729405222
EmailThreadMessageFields,50,records-parse,2190.607,1449.5739999999998,2671.2670000000003,1816.555,1.5112074305968513
GraphqlChannelQuickAccessFields,1,records-hot,16.354,2.594,16.725,2.934,6.3045489591364685
GraphqlChannelQuickAccessFields,1,records-parse,26.77,13.35,33.139,14.241,2.005243445692884
GraphqlChannelQuickAccessFields,50,records-hot,282.514,156.465,295.774,187.211,1.805605087399738
GraphqlChannelQuickAccessFields,50,records-parse,290.505,165.468,299.84,187.892,1.755656682863152
GraphqlChatQuickAccessName,1,records-hot,7.340999999999999,1.362,7.571,1.863,5.389867841409691
GraphqlChatQuickAccessName,1,records-parse,12.378,6.42,12.527999999999999,6.59,1.9280373831775701
GraphqlChatQuickAccessName,50,records-hot,118.307,63.045,145.399,74.793,1.8765484971052422
GraphqlChatQuickAccessName,50,records-parse,122.023,68.65299999999999,133.10000000000002,84.076,1.7773877325098686
GraphqlCrmCompanyQuickAccessFields,1,records-hot,12.789000000000001,2.073,12.91,3.185,6.169319826338641
GraphqlCrmCompanyQuickAccessFields,1,records-parse,21.202,10.035,22.594,10.196,2.112805181863478
GraphqlCrmCompanyQuickAccessFields,50,records-hot,201.58200000000002,108.794,215.92399999999998,125.008,1.8528779160615478
GraphqlCrmCompanyQuickAccessFields,50,records-parse,214.252,117.056,248.98299999999998,126.559,1.830337616183707
GraphqlDocumentQuickAccessName,1,records-hot,13.64,1.5919999999999999,16.445,1.622,8.5678391959799
GraphqlDocumentQuickAccessName,1,records-parse,23.936,11.908,25.729,12.028,2.010077258985556
GraphqlDocumentQuickAccessName,50,records-hot,162.24300000000002,84.557,204.146,107.661,1.918741204158142
GraphqlDocumentQuickAccessName,50,records-parse,215.434,94.482,227.331,105.117,2.28015918375987
GraphqlProjectQuickAccessName,1,records-hot,7.531000000000001,1.272,7.762,1.312,5.92059748427673
GraphqlProjectQuickAccessName,1,records-parse,12.809000000000001,6.579,13.139000000000001,6.921,1.9469524243806051
GraphqlProjectQuickAccessName,50,records-hot,116.885,61.90299999999999,130.486,77.987,1.8881960486567697
GraphqlProjectQuickAccessName,50,records-parse,168.06199999999998,67.962,184.918,92.989,2.472881904593743
ItemPreviewFields,1,records-hot,40.370999999999995,1.3719999999999999,50.986000000000004,1.432,29.424927113702623
ItemPreviewFields,1,records-parse,78.658,38.306999999999995,86.37,39.038000000000004,2.0533583940272018
ItemPreviewFields,50,records-hot,179.65900000000002,82.013,193.5,109.835,2.1906161218343434
ItemPreviewFields,50,records-parse,217.916,118.938,237.266,129.614,1.8321814727000623
MailItemFields,1,records-hot,1798.4279999999999,22.424,2119.179,27.601,80.20103460577951
MailItemFields,1,records-parse,3622.895,1742.7849999999999,4080.101,2079.77,2.078796294436778
MailItemFields,50,records-hot,3734.612,1354.662,4490.276,1392.759,2.7568589065021385
MailItemFields,50,records-parse,5533.790999999999,3279.58,5730.316,4075.243,1.6873474652242053
SoupItemFields,1,records-hot,1452.6090000000002,29.824,1543.9959999999999,31.708000000000002,48.70604211373391
SoupItemFields,1,records-parse,2875.033,1415.403,3117.897,2000.6609999999998,2.031246931086058
SoupItemFields,50,records-hot,3412.458,1330.335,3931.9289999999996,1783.055,2.5651117951493423
SoupItemFields,50,records-parse,4953.08,2839.078,5634.603,3252.0679999999998,1.7446086370293454
