operation,run,affinity,samples,warmup,size,scenario,before_p50_us,after_p50_us,before_p95_us,after_p95_us,speedup
ItemPreviewNameCacheWrite,0,0,300,50,50,hot,61.532000000000004,48.742999999999995,86.851,74.582,1.2623761360605628
ItemPreviewNameCacheWrite,0,0,300,50,50,hot-registered,70.66600000000001,49.394,107.501,73.47999999999999,1.4306595942827067
ItemPreviewNameCacheWrite,0,0,300,50,50,hot-json,89.825,69.715,138.30700000000002,107.671,1.28846015921968
ItemPreviewNameCacheWrite,0,0,300,50,50,hot-resolvers,71.69800000000001,47.620999999999995,106.69,72.259,1.5055962705529076
ItemPreviewNameCacheWrite,0,0,300,50,50,unchanged-write,108.172,104.437,166.369,156.504,1.0357631873761215
ItemPreviewNameCacheWrite,0,0,300,50,50,cold-engine,344.857,319.089,506.019,422.103,1.080754899103385
ItemPreviewNameCacheWrite,0,0,300,50,50,capacity-16,247.361,212.448,359.019,329.35400000000004,1.1643366847416778
ItemPreviewNameCacheWrite,0,0,300,50,50,miss,11.447999999999999,10.916,16.455000000000002,15.603,1.0487358006595822
ItemPreviewNameCacheWrite,0,0,300,50,50,variants-8,80.49,47.722,118.518,62.784,1.6866434768031515
ItemPreviewNameCacheWrite,1,0,300,50,50,hot,60.821,48.723,70.08500000000001,70.165,1.2483016234632514
ItemPreviewNameCacheWrite,1,0,300,50,50,hot-registered,70.215,48.963,80.08000000000001,64.85799999999999,1.4340420317382514
ItemPreviewNameCacheWrite,1,0,300,50,50,hot-json,89.845,70.065,133.29,104.657,1.2823092842360666
ItemPreviewNameCacheWrite,1,0,300,50,50,hot-resolvers,70.81599999999999,48.463,104.918,59.719,1.4612384705858075
ItemPreviewNameCacheWrite,1,0,300,50,50,unchanged-write,104.39699999999999,103.42500000000001,168.803,139.129,1.0093981145757793
ItemPreviewNameCacheWrite,1,0,300,50,50,cold-engine,327.731,319.01800000000003,432.679,451.458,1.0273119385113065
ItemPreviewNameCacheWrite,1,0,300,50,50,capacity-16,240.31,283.065,289.074,340.221,0.8489569533499373
ItemPreviewNameCacheWrite,1,0,300,50,50,miss,11.507,10.606,11.707,16.334999999999997,1.0849519140109372
ItemPreviewNameCacheWrite,1,0,300,50,50,variants-8,80.371,47.731,103.375,72.378,1.6838323102386288
ItemPreviewNameCacheWrite,2,0,300,50,50,hot,60.311,48.512,70.556,49.735,1.243218172823219
ItemPreviewNameCacheWrite,2,0,300,50,50,hot-registered,70.07499999999999,48.541999999999994,105.658,57.937,1.4435952371142515
ItemPreviewNameCacheWrite,2,0,300,50,50,hot-json,89.845,69.905,112.999,83.765,1.285244260067234
ItemPreviewNameCacheWrite,2,0,300,50,50,hot-resolvers,71.337,48.713,108.38199999999999,58.788,1.464434545193275
ItemPreviewNameCacheWrite,2,0,300,50,50,unchanged-write,103.68599999999999,102.343,149.124,120.76100000000001,1.013122538913262
ItemPreviewNameCacheWrite,2,0,300,50,50,cold-engine,327.892,305.047,459.90000000000003,362.694,1.0748900989027919
ItemPreviewNameCacheWrite,2,0,300,50,50,capacity-16,246.56,212.53900000000002,366.70099999999996,300.14,1.1600694460781316
ItemPreviewNameCacheWrite,2,0,300,50,50,miss,15.503,11.165999999999999,15.873,16.945,1.3884112484327424
ItemPreviewNameCacheWrite,2,0,300,50,50,variants-8,79.41900000000001,47.45099999999999,89.765,72.32900000000001,1.6737055067332622
MyActivityOverview,0,0,300,50,50,hot,76.084,49.904999999999994,89.725,70.996,1.5245766957218718
MyActivityOverview,0,0,300,50,50,hot-registered,76.66499999999999,50.225,101.762,73.36999999999999,1.5264310602289695
MyActivityOverview,0,0,300,50,50,hot-json,106.47,82.724,160.08,114.933,1.2870509162999855
MyActivityOverview,0,0,300,50,50,hot-resolvers,77.88600000000001,49.484,116.475,69.905,1.5739633012690972
MyActivityOverview,0,0,300,50,50,unchanged-write,89.945,89.524,126.78,128.75300000000001,1.0047026495688307
MyActivityOverview,0,0,300,50,50,cold-engine,177.74699999999999,151.297,235.163,213.10999999999999,1.1748217082956038
MyActivityOverview,0,0,300,50,50,capacity-16,77.166,52.289,102.884,67.56099999999999,1.4757597200175945
MyActivityOverview,0,0,300,50,50,miss,10.286,9.965,10.556000000000001,12.77,1.0322127446061213
MyActivityOverview,1,0,300,50,50,hot,76.635,51.958,101.633,66.22999999999999,1.474941298741291
MyActivityOverview,1,0,300,50,50,hot-registered,77.40599999999999,51.918,87.601,63.285000000000004,1.4909280018490696
MyActivityOverview,1,0,300,50,50,hot-json,107.812,83.285,145.639,97.827,1.294494806988053
MyActivityOverview,1,0,300,50,50,hot-resolvers,79.149,49.164,107.651,65.488,1.6098974859653405
MyActivityOverview,1,0,300,50,50,unchanged-write,89.875,89.09299999999999,140.66099999999997,141.422,1.0087773450214945
MyActivityOverview,1,0,300,50,50,cold-engine,177.436,152.008,238.237,176.09400000000002,1.1672806694384505
MyActivityOverview,1,0,300,50,50,capacity-16,77.226,50.807,109.004,68.873,1.5199874033105674
MyActivityOverview,1,0,300,50,50,miss,10.405,10.235,14.272,10.556000000000001,1.016609672691744
MyActivityOverview,2,0,300,50,50,hot,77.546,51.448,100.801,72.969,1.5072694759757426
MyActivityOverview,2,0,300,50,50,hot-registered,78.007,50.045,101.292,66.329,1.5587371365770806
MyActivityOverview,2,0,300,50,50,hot-json,108.553,83.185,162.774,116.125,1.3049588267115464
MyActivityOverview,2,0,300,50,50,hot-resolvers,77.90599999999999,49.174,103.22500000000001,72.49799999999999,1.5842925123032496
MyActivityOverview,2,0,300,50,50,unchanged-write,89.464,90.276,125.65800000000002,144.397,0.9910053613363463
MyActivityOverview,2,0,300,50,50,cold-engine,181.74200000000002,148.06300000000002,255.103,188.092,1.227463984925336
MyActivityOverview,2,0,300,50,50,capacity-16,77.065,52.108000000000004,99.609,65.418,1.4789475704306438
MyActivityOverview,2,0,300,50,50,miss,10.616,10.176,10.776,14.121,1.0432389937106918
