host,operation,kind,returned_size,cache_records,fixture_records,hot_capacity,requests_per_read,scenario,samples,min_ms,p50_ms,p95_ms,max_ms,mean_ms
native,AgentSessionMentions,query,100,10000,111,10000,1,population-hot,30,0.06130200000000001,0.062353,0.07364,0.07790699999999999,0.06353703333333334
native,AgentSessionMentions,query,100,10000,111,10000,1,population-hydrate,30,0.545008,0.561292,0.612269,0.743646,0.5716746666666667
native,AgentSessionMentions,query,250,10000,273,10000,1,population-hot,30,0.14537799999999998,0.147471,0.167761,0.16964500000000002,0.1509067
native,AgentSessionMentions,query,250,10000,273,10000,1,population-hydrate,30,1.227011,1.2784980000000001,1.697726,1.842363,1.3243706666666664
native,AgentSessionMentions,query,500,10000,544,10000,1,population-hot,30,0.420661,0.42943400000000004,0.445047,0.448062,0.43173423333333333
native,AgentSessionMentions,query,500,10000,544,10000,1,population-hydrate,30,2.1135110000000004,2.143846,2.320461,2.334692,2.158839766666667
native,ChannelListSoup,query,100,10000,459,10000,1,population-hot,30,0.9366850000000001,0.956264,1.278027,1.2965250000000001,1.0064157333333332
native,ChannelListSoup,query,100,10000,459,10000,1,population-hydrate,30,3.103095,3.1776769999999996,3.7244569999999997,4.4179070000000005,3.2703781666666667
native,ChannelListSoup,query,250,10000,1148,10000,1,population-hot,30,2.2170259999999997,2.287581,2.9264699999999997,3.064597,2.388663133333333
native,ChannelListSoup,query,250,10000,1148,10000,1,population-hydrate,30,6.683145,7.135413000000001,9.515173,10.13976,7.471726500000002
native,ChannelListSoup,query,500,10000,2288,10000,1,population-hot,30,4.523606000000001,5.134171,6.605338,6.66648,5.2939986333333335
native,ChannelListSoup,query,500,10000,2288,10000,1,population-hydrate,30,13.609104,15.661784,18.665419999999997,18.695244,15.9452046
native,ChannelUnreadPresence,query,100,10000,120,10000,1,population-hot,30,0.059189,0.065097,0.104878,0.105328,0.07532666666666667
native,ChannelUnreadPresence,query,100,10000,120,10000,1,population-hydrate,30,0.57351,0.615263,0.831648,0.843405,0.6978621999999999
native,ChannelUnreadPresence,query,250,10000,294,10000,1,population-hot,30,0.139789,0.194853,0.21558300000000002,0.215994,0.1777402333333333
native,ChannelUnreadPresence,query,250,10000,294,10000,1,population-hydrate,30,1.2595,1.2796100000000001,1.371737,1.507702,1.2962507666666667
native,ChannelUnreadPresence,query,500,10000,586,10000,1,population-hot,30,0.302163,0.31407100000000004,0.38254400000000005,0.43615499999999996,0.32671146666666667
native,ChannelUnreadPresence,query,500,10000,586,10000,1,population-hydrate,30,2.23294,2.3369660000000003,3.2947219999999997,3.336625,2.5257131
native,EmailThreadPage,query,100,10000,603,10000,1,population-hot,30,1.734412,1.8120589999999999,2.2730699999999997,2.7441660000000003,1.8980662
native,EmailThreadPage,query,100,10000,603,10000,1,population-hydrate,30,5.692209,6.124638,8.219950999999998,9.091297999999998,6.5917064
native,EmailThreadPage,query,250,10000,1503,10000,1,population-hot,30,6.2472010000000004,7.806711,10.703226,11.753761,8.084095633333332
native,EmailThreadPage,query,250,10000,1503,10000,1,population-hydrate,30,15.930557,20.555394,27.777528999999998,30.941765,21.004100299999998
native,EmailThreadPage,query,500,10000,3003,10000,1,population-hot,30,17.228324,19.951098,22.816857,23.714023,20.178589
native,EmailThreadPage,query,500,10000,3003,10000,1,population-hydrate,30,33.827784,38.215326,45.129637,48.833653999999996,39.0060379
native,EntityActivity,query,100,10000,302,10000,1,population-hot,30,0.362053,0.37075600000000003,0.43087600000000004,0.436394,0.37784776666666675
native,EntityActivity,query,100,10000,302,10000,1,population-hydrate,30,1.690175,1.71973,2.244777,2.538248,1.8060368666666666
native,EntityActivity,query,250,10000,752,10000,1,population-hot,30,0.936656,0.943305,0.99295,1.042433,0.9524620333333335
native,EntityActivity,query,250,10000,752,10000,1,population-hydrate,30,3.6004099999999997,3.781102,5.598127,5.642143,4.0556570999999995
native,EntityActivity,query,500,10000,1502,10000,1,population-hot,30,1.931077,2.0056380000000003,2.940351,2.987301,2.1400071333333335
native,EntityActivity,query,500,10000,1502,10000,1,population-hydrate,30,7.3346219999999995,8.08628,12.57943,12.823154999999998,8.8064401
native,EntityProperties,query,100,10000,302,10000,1,population-hot,30,0.42219300000000004,0.5817129999999999,0.614752,0.6503359999999999,0.5513882000000001
native,EntityProperties,query,100,10000,302,10000,1,population-hydrate,30,1.839169,1.862624,1.978648,1.9920279999999997,1.8747992666666666
native,EntityProperties,query,250,10000,752,10000,1,population-hot,30,1.084637,1.0947719999999999,1.2454180000000001,1.288603,1.1141302333333334
native,EntityProperties,query,250,10000,752,10000,1,population-hydrate,30,3.942284,4.025048,5.380560999999999,5.788734000000001,4.2315344
native,EntityProperties,query,500,10000,1502,10000,1,population-hot,30,2.322835,2.748283,3.342143,3.3943220000000003,2.8108049666666672
native,EntityProperties,query,500,10000,1502,10000,1,population-hydrate,30,8.656355,9.516285,11.890156000000001,11.905369,9.849550433333334
native,Favorites,query,100,10000,102,10000,1,population-hot,30,0.16532799999999997,0.17629399999999998,0.190225,0.19203800000000001,0.17687989999999995
native,Favorites,query,100,10000,102,10000,1,population-hydrate,30,0.626029,0.650946,0.817526,0.861382,0.6723251666666669
native,Favorites,query,250,10000,252,10000,1,population-hot,30,0.32034,0.32518800000000003,0.409935,0.435613,0.3373871000000001
native,Favorites,query,250,10000,252,10000,1,population-hydrate,30,1.4379469999999999,1.51366,1.915233,2.064938,1.5924583999999997
native,Favorites,query,500,10000,502,10000,1,population-hot,30,0.666359,0.692408,0.911517,0.918217,0.7478570666666667
native,Favorites,query,500,10000,502,10000,1,population-hydrate,30,2.58666,2.671588,3.013029,3.950065,2.769774433333333
native,GroupSoup,query,100,10000,1085,10000,1,population-hot,30,3.2734099999999997,3.4495940000000003,4.221793,4.369974999999999,3.5709123666666667
native,GroupSoup,query,100,10000,1085,10000,1,population-hydrate,30,8.670777,10.939279,12.647251999999998,13.488102999999999,10.9486481
native,GroupSoup,query,250,10000,2712,10000,1,population-hot,30,10.577197,13.256986000000001,14.842744999999999,14.915814000000001,13.069160933333334
native,GroupSoup,query,250,10000,2712,10000,1,population-hydrate,30,24.791279,27.897728,34.90478000000001,41.962777,29.22486603333334
native,GroupSoup,query,500,10000,5426,10000,1,population-hot,30,32.492621,37.695906,51.812953,53.369347999999995,39.37154316666667
native,GroupSoup,query,500,10000,5426,10000,1,population-hydrate,30,50.567083999999994,58.551902,81.973326,85.54471299999999,61.34402703333334
native,GroupSoupMembership,query,100,10000,202,10000,1,population-hot,30,0.141802,0.14559899999999998,0.21378,0.21531299999999998,0.16223540000000003
native,GroupSoupMembership,query,100,10000,202,10000,1,population-hydrate,30,0.9771859999999999,1.0470599999999999,1.335022,1.378538,1.0683959333333335
native,GroupSoupMembership,query,250,10000,502,10000,1,population-hot,30,0.37888800000000006,0.387822,0.5089130000000001,0.52638,0.3983703333333333
native,GroupSoupMembership,query,250,10000,502,10000,1,population-hydrate,30,2.124978,2.183565,2.518948,2.916285,2.238164333333333
native,GroupSoupMembership,query,500,10000,1002,10000,1,population-hot,30,0.7802910000000001,0.797567,1.046049,1.1194790000000001,0.8528443333333331
native,GroupSoupMembership,query,500,10000,1002,10000,1,population-hydrate,30,3.808833,4.023225,5.223745999999999,5.365078,4.1851881
native,ItemPreview,query,100,10000,102,10000,1,population-hot,30,0.084146,0.08703100000000001,0.131927,0.14740099999999998,0.10327223333333334
native,ItemPreview,query,100,10000,102,10000,1,population-hydrate,30,0.5213019999999999,0.535132,0.583705,0.6587280000000001,0.5415550333333333
native,ItemPreview,query,250,10000,252,10000,1,population-hot,30,0.199159,0.203656,0.30450699999999997,0.318198,0.2223912
native,ItemPreview,query,250,10000,252,10000,1,population-hydrate,30,1.211438,1.303295,1.600351,1.619059,1.3518063333333337
native,ItemPreview,query,500,10000,502,10000,1,population-hot,30,0.410766,0.423636,0.475523,0.582834,0.4325963
native,ItemPreview,query,500,10000,502,10000,1,population-hydrate,30,2.128132,2.23352,2.710576,2.768953,2.3219279999999998
native,ItemPreviewFileTypeCacheWrite,query,100,10000,102,10000,1,population-hot,30,0.049454,0.054001,0.065468,0.069715,0.05491763333333334
native,ItemPreviewFileTypeCacheWrite,query,100,10000,102,10000,1,population-hydrate,30,0.465478,0.500661,0.668312,0.6756429999999999,0.5257375666666668
native,ItemPreviewFileTypeCacheWrite,query,250,10000,252,10000,1,population-hot,30,0.11680600000000001,0.125578,0.183855,0.19125699999999998,0.13735866666666666
native,ItemPreviewFileTypeCacheWrite,query,250,10000,252,10000,1,population-hydrate,30,1.163385,1.742374,1.867752,1.888663,1.6215594333333334
native,ItemPreviewFileTypeCacheWrite,query,500,10000,502,10000,1,population-hot,30,0.24432700000000002,0.26039,0.29616400000000004,0.311397,0.2638671
native,ItemPreviewFileTypeCacheWrite,query,500,10000,502,10000,1,population-hydrate,30,1.894011,1.947942,2.744577,2.762474,2.0748191333333335
native,ItemPreviewNameCacheWrite,query,100,10000,102,10000,1,population-hot,30,0.070135,0.07317900000000001,0.088232,0.090536,0.07406143333333334
native,ItemPreviewNameCacheWrite,query,100,10000,102,10000,1,population-hydrate,30,0.493841,0.510536,0.594703,0.68669,0.5200201333333334
native,ItemPreviewNameCacheWrite,query,250,10000,252,10000,1,population-hot,30,0.163646,0.165859,0.17995000000000003,0.18906299999999998,0.16976133333333335
native,ItemPreviewNameCacheWrite,query,250,10000,252,10000,1,population-hydrate,30,1.1608110000000003,1.285548,1.7011120000000002,1.716175,1.3698378000000002
native,ItemPreviewNameCacheWrite,query,500,10000,502,10000,1,population-hot,30,0.33807800000000005,0.343185,0.43827699999999997,0.4887230000000001,0.3597386000000001
native,ItemPreviewNameCacheWrite,query,500,10000,502,10000,1,population-hydrate,30,2.029475,2.055824,2.384837,2.4639660000000005,2.1127923
native,ItemPreviews,query,100,10000,118,10000,1,population-hot,30,0.126579,0.129804,0.174061,0.17462200000000003,0.1385254333333333
native,ItemPreviews,query,100,10000,118,10000,1,population-hydrate,30,0.69384,0.71288,0.911347,1.045649,0.7549251333333336
native,ItemPreviews,query,250,10000,294,10000,1,population-hot,30,0.308573,0.324046,0.509063,0.594331,0.34695776666666667
native,ItemPreviews,query,250,10000,294,10000,1,population-hydrate,30,1.592098,1.749224,2.211808,2.2347529999999995,1.8068096666666666
native,ItemPreviews,query,500,10000,586,10000,1,population-hot,30,0.611427,0.627591,0.7096140000000001,0.843846,0.6434892333333333
native,ItemPreviews,query,500,10000,586,10000,1,population-hydrate,30,2.7929899999999996,2.8945320000000003,3.427781,3.597136,2.975424933333334
native,MailAccounts,query,100,10000,102,10000,1,population-hot,30,0.0598,0.060601,0.084417,0.085919,0.06734570000000001
native,MailAccounts,query,100,10000,102,10000,1,population-hydrate,30,0.474622,0.4887230000000001,0.568433,0.6560440000000001,0.5012389333333334
native,MailAccounts,query,250,10000,252,10000,1,population-hot,30,0.14706,0.21558300000000002,0.234412,0.23819800000000002,0.19369630000000004
native,MailAccounts,query,250,10000,252,10000,1,population-hydrate,30,1.105769,1.689104,1.922654,1.9427640000000002,1.5646995000000001
native,MailAccounts,query,500,10000,502,10000,1,population-hot,30,0.31105700000000003,0.315113,0.368923,0.42207300000000003,0.323977
native,MailAccounts,query,500,10000,502,10000,1,population-hydrate,30,1.916826,1.9557440000000001,2.6026640000000003,2.728433,2.0371463000000007
native,MyActivity,query,100,10000,102,10000,1,population-hot,30,0.14019,0.141883,0.181602,0.185839,0.14890143333333333
native,MyActivity,query,100,10000,102,10000,1,population-hydrate,30,0.621993,0.6405210000000001,0.742874,0.8986580000000001,0.661928
native,MyActivity,query,250,10000,252,10000,1,population-hot,30,0.36013999999999996,0.371217,0.5148429999999999,0.522604,0.3897883
native,MyActivity,query,250,10000,252,10000,1,population-hydrate,30,1.383846,1.452358,1.782444,1.827441,1.5062346333333334
native,MyActivity,query,500,10000,502,10000,1,population-hot,30,0.737437,0.7581070000000001,1.05983,1.062945,0.8047477666666667
native,MyActivity,query,500,10000,502,10000,1,population-hydrate,30,2.6605209999999997,2.9306970000000003,3.998618,4.054132,2.980252666666667
native,MyActivityOverview,query,100,10000,2,10000,1,population-hot,30,0.076675,0.077506,0.08865300000000001,0.089595,0.07828333333333333
native,MyActivityOverview,query,100,10000,2,10000,1,population-hydrate,30,0.20671,0.24221299999999998,0.310816,0.33004500000000003,0.25199926666666667
native,MyActivityOverview,query,250,10000,2,10000,1,population-hot,30,0.191998,0.193511,0.20756099999999997,0.209054,0.19597936666666665
native,MyActivityOverview,query,250,10000,2,10000,1,population-hydrate,30,0.38254400000000005,0.393821,0.452028,0.48852300000000004,0.399433
native,MyActivityOverview,query,500,10000,2,10000,1,population-hot,30,0.376445,0.405989,0.508552,0.5445460000000001,0.42202436666666665
native,MyActivityOverview,query,500,10000,2,10000,1,population-hydrate,30,0.690846,0.7503759999999999,0.9129789999999999,1.0005909999999998,0.7759525999999999
native,Soup,query,100,10000,641,10000,1,population-hot,30,1.741242,1.7763440000000001,1.9964240000000002,2.0990589999999996,1.8134896333333337
native,Soup,query,100,10000,641,10000,1,population-hydrate,30,4.873631,5.72633,6.725529000000001,7.439169,5.816785000000001
native,Soup,query,250,10000,1606,10000,1,population-hot,30,5.04695,6.210987,9.728794,9.806711,6.645501466666665
native,Soup,query,250,10000,1606,10000,1,population-hydrate,30,12.303286,14.590948000000001,19.866911,20.096476,15.003295066666665
native,Soup,query,500,10000,3204,10000,1,population-hot,30,11.153932000000001,13.670506999999999,18.837257,19.335014000000005,14.403719633333335
native,Soup,query,500,10000,3204,10000,1,population-hydrate,30,25.682064999999998,29.7447,37.341544999999996,39.596237,30.17838173333333
native,SoupBackfill,query,100,10000,721,10000,1,population-hot,30,2.045649,2.0732900000000005,2.2359340000000003,2.263766,2.1014546333333337
native,SoupBackfill,query,100,10000,721,10000,1,population-hydrate,30,6.031457,6.336826,6.914833,7.401233,6.401267766666668
native,SoupBackfill,query,250,10000,1816,10000,1,population-hot,30,5.791748999999999,7.445759,10.283596000000001,11.18651,7.702210566666669
native,SoupBackfill,query,250,10000,1816,10000,1,population-hydrate,30,14.918679000000001,21.539751,27.727393,27.761523999999998,21.249527799999996
native,SoupBackfill,query,500,10000,3614,10000,1,population-hot,30,16.827702999999996,19.545690000000004,23.643728,23.805871,19.677323400000002
native,SoupBackfill,query,500,10000,3614,10000,1,population-hydrate,30,38.79082,43.580474,48.695206,50.208726999999996,43.4644374
native,SoupMailBackfill,query,100,10000,641,10000,1,population-hot,30,1.715553,1.7376360000000002,2.4998199999999997,2.562614,1.8439789999999998
native,SoupMailBackfill,query,100,10000,641,10000,1,population-hydrate,30,4.937778000000001,5.234011000000001,6.261683,7.160601,5.3734429666666665
native,SoupMailBackfill,query,250,10000,1606,10000,1,population-hot,30,4.097277,4.229545,5.45353,6.897216,4.458703000000001
native,SoupMailBackfill,query,250,10000,1606,10000,1,population-hydrate,30,11.024717,13.044518,18.280210999999998,18.35923,13.683245466666666
native,SoupMailBackfill,query,500,10000,3204,10000,1,population-hot,30,11.114822999999998,14.478599,20.511499,20.807212,15.205171866666666
native,SoupMailBackfill,query,500,10000,3204,10000,1,population-hydrate,30,25.795835,31.097418,41.959261999999995,42.845501000000006,32.59413403333333
native,SoupMembership,query,100,10000,102,10000,1,population-hot,30,0.060501000000000006,0.064166,0.07177800000000001,0.076565,0.06446503333333334
native,SoupMembership,query,100,10000,102,10000,1,population-hydrate,30,0.45622399999999996,0.466159,0.525838,0.6879120000000001,0.48079320000000003
native,SoupMembership,query,250,10000,252,10000,1,population-hot,30,0.1134,0.11456200000000001,0.127381,0.15805699999999998,0.11799666666666667
native,SoupMembership,query,250,10000,252,10000,1,population-hydrate,30,1.051437,1.1034659999999998,1.560821,1.579529,1.1743510666666666
native,SoupMembership,query,500,10000,502,10000,1,population-hot,30,0.24516700000000002,0.24870300000000004,0.344597,0.34944400000000003,0.26128566666666664
native,SoupMembership,query,500,10000,502,10000,1,population-hydrate,30,1.8482830000000001,1.92627,2.573871,2.6765449999999995,2.0487886
native,SoupNotifications,query,100,10000,302,10000,1,population-hot,30,0.785228,0.8361850000000001,1.10001,1.1149930000000001,0.9016295666666665
native,SoupNotifications,query,100,10000,302,10000,1,population-hydrate,30,2.5050480000000004,2.58666,2.916986,2.924607,2.6432233333333337
native,SoupNotifications,query,250,10000,752,10000,1,population-hot,30,1.921192,2.054292,2.6075909999999998,2.691337,2.143136533333333
native,SoupNotifications,query,250,10000,752,10000,1,population-hydrate,30,5.7237860000000005,6.019550000000001,7.260862,8.354322,6.242783266666668
native,SoupNotifications,query,500,10000,1502,10000,1,population-hot,30,3.795854,4.797396,5.637727000000001,5.8805510000000005,4.781099966666668
native,SoupNotifications,query,500,10000,1502,10000,1,population-hydrate,30,11.513451,13.47984,17.587902999999997,18.830728000000004,13.8628123
native,SoupSharedMailBackfill,query,100,10000,641,10000,1,population-hot,30,1.802724,1.824197,2.083135,2.1762449999999998,1.8704612333333333
native,SoupSharedMailBackfill,query,100,10000,641,10000,1,population-hydrate,30,5.096555,5.259549,6.6087240000000005,6.635483999999999,5.430174566666666
native,SoupSharedMailBackfill,query,250,10000,1606,10000,1,population-hot,30,4.330236,4.629785,5.350626,5.421072000000001,4.736280733333334
native,SoupSharedMailBackfill,query,250,10000,1606,10000,1,population-hydrate,30,11.517657000000002,14.276354999999999,18.734042999999996,19.234061999999998,14.550834266666666
native,SoupSharedMailBackfill,query,500,10000,3204,10000,1,population-hot,30,14.168784,17.151649000000003,23.527092,24.820702999999998,17.82688666666667
native,SoupSharedMailBackfill,query,500,10000,3204,10000,1,population-hydrate,30,26.827203,30.342065,37.845841,38.260593,31.570150199999997
native,ChannelListItemFields,fragment,100,10000,354,10000,1,population-hot,30,0.9283530000000001,0.943034,1.096274,1.100021,0.9573165333333333
native,ChannelListItemFields,fragment,100,10000,354,10000,1,population-hydrate,30,2.6315570000000004,2.7905059999999997,3.847661,3.862514,2.8952229666666662
native,ChannelListItemFields,fragment,250,10000,895,10000,1,population-hot,30,2.231056,2.262464,2.394472,2.482404,2.280041866666666
native,ChannelListItemFields,fragment,250,10000,895,10000,1,population-hydrate,30,6.197636999999999,6.422293,9.877797000000001,10.211197,6.828367366666664
native,ChannelListItemFields,fragment,500,10000,1794,10000,1,population-hot,30,4.657996999999999,5.028514,7.687412,7.987721999999999,5.422709000000001
native,ChannelListItemFields,fragment,500,10000,1794,10000,1,population-hydrate,30,13.35281,15.010907999999999,17.829866,18.711948999999997,15.336343099999999
native,EmailThreadMessageFields,fragment,100,10000,500,10000,1,population-hot,30,1.529535,1.927701,2.48671,2.62635,1.9777620666666664
native,EmailThreadMessageFields,fragment,100,10000,500,10000,1,population-hydrate,30,5.542514,6.752669,8.203145000000001,8.968354,6.887626999999998
native,EmailThreadMessageFields,fragment,250,10000,1250,10000,1,population-hot,30,6.791137,8.922324,10.75959,10.807192,8.864638166666666
native,EmailThreadMessageFields,fragment,250,10000,1250,10000,1,population-hydrate,30,15.473331,19.459681,21.59941,22.436316,19.539888766666664
native,EmailThreadMessageFields,fragment,500,10000,2500,10000,1,population-hot,30,15.728204,19.043216,21.408875,21.921774000000003,18.9363484
native,EmailThreadMessageFields,fragment,500,10000,2500,10000,1,population-hydrate,30,31.454444,34.529747,38.568756,39.559071,34.75500406666666
native,GraphqlChannelQuickAccessFields,fragment,100,10000,100,10000,1,population-hot,30,0.21844799999999998,0.231116,0.268563,0.28056100000000006,0.23536070000000003
native,GraphqlChannelQuickAccessFields,fragment,100,10000,100,10000,1,population-hydrate,30,0.667081,0.740541,1.0291839999999999,1.108613,0.7919696666666665
native,GraphqlChannelQuickAccessFields,fragment,250,10000,250,10000,1,population-hot,30,0.596765,0.609143,0.692058,0.734752,0.6151469666666668
native,GraphqlChannelQuickAccessFields,fragment,250,10000,250,10000,1,population-hydrate,30,1.7309560000000002,2.0421129999999996,2.512609,2.5301750000000003,2.085281533333333
native,GraphqlChannelQuickAccessFields,fragment,500,10000,500,10000,1,population-hot,30,1.219019,1.236475,1.598838,1.609124,1.3006023000000002
native,GraphqlChannelQuickAccessFields,fragment,500,10000,500,10000,1,population-hydrate,30,3.4528190000000003,4.291618,5.203746,5.330316,4.276964733333334
native,GraphqlChatQuickAccessName,fragment,100,10000,100,10000,1,population-hot,30,0.105018,0.107792,0.162524,0.163245,0.11826443333333332
native,GraphqlChatQuickAccessName,fragment,100,10000,100,10000,1,population-hydrate,30,0.465067,0.484526,0.6097140000000001,0.612188,0.4999839
native,GraphqlChatQuickAccessName,fragment,250,10000,250,10000,1,population-hot,30,0.291297,0.29985,0.411478,0.425518,0.31363040000000003
native,GraphqlChatQuickAccessName,fragment,250,10000,250,10000,1,population-hydrate,30,1.215403,1.251817,1.849034,1.903625,1.351476333333333
native,GraphqlChatQuickAccessName,fragment,500,10000,500,10000,1,population-hot,30,0.637977,0.6560739999999999,0.97309,1.021663,0.7127095000000001
native,GraphqlChatQuickAccessName,fragment,500,10000,500,10000,1,population-hydrate,30,2.22618,2.305228,3.461092,3.462234,2.5069088333333336
native,GraphqlCrmCompanyQuickAccessFields,fragment,100,10000,100,10000,1,population-hot,30,0.15201800000000001,0.15525299999999997,0.17331,0.19598400000000002,0.15980610000000003
native,GraphqlCrmCompanyQuickAccessFields,fragment,100,10000,100,10000,1,population-hydrate,30,0.558778,0.591197,0.8420129999999999,0.864517,0.6392069333333332
native,GraphqlCrmCompanyQuickAccessFields,fragment,250,10000,250,10000,1,population-hot,30,0.42566899999999996,0.450115,0.604717,0.651207,0.47067743333333345
native,GraphqlCrmCompanyQuickAccessFields,fragment,250,10000,250,10000,1,population-hydrate,30,1.4934,1.7376760000000002,2.15327,2.247071,1.7737127666666668
native,GraphqlCrmCompanyQuickAccessFields,fragment,500,10000,500,10000,1,population-hot,30,0.898237,0.939369,1.331788,1.345167,1.0041186333333332
native,GraphqlCrmCompanyQuickAccessFields,fragment,500,10000,500,10000,1,population-hydrate,30,2.775744,3.150305,4.564768,4.585819,3.3713201333333336
native,GraphqlDocumentQuickAccessName,fragment,100,10000,100,10000,1,population-hot,30,0.1334,0.13547299999999998,0.197006,0.207481,0.1450983
native,GraphqlDocumentQuickAccessName,fragment,100,10000,100,10000,1,population-hydrate,30,0.534042,0.565438,0.8206720000000001,0.879159,0.6037346666666666
native,GraphqlDocumentQuickAccessName,fragment,250,10000,250,10000,1,population-hot,30,0.378228,0.38654,0.417076,0.41975999999999997,0.38976773333333337
native,GraphqlDocumentQuickAccessName,fragment,250,10000,250,10000,1,population-hydrate,30,1.363465,1.3865399999999999,1.6702959999999998,1.711207,1.4267692000000003
native,GraphqlDocumentQuickAccessName,fragment,500,10000,500,10000,1,population-hot,30,0.794762,0.810125,0.8590789999999999,1.028403,0.8195172666666664
native,GraphqlDocumentQuickAccessName,fragment,500,10000,500,10000,1,population-hydrate,30,2.510385,2.5895639999999998,2.872129,2.947381,2.6294543333333333
native,GraphqlProjectQuickAccessName,fragment,100,10000,100,10000,1,population-hot,30,0.10536799999999999,0.10685,0.12327500000000001,0.12641000000000002,0.1089267
native,GraphqlProjectQuickAccessName,fragment,100,10000,100,10000,1,population-hydrate,30,0.468202,0.47888899999999995,0.6162439999999999,0.6764349999999999,0.4929211333333334
native,GraphqlProjectQuickAccessName,fragment,250,10000,250,10000,1,population-hot,30,0.294091,0.300101,0.402353,0.468353,0.3138093999999999
native,GraphqlProjectQuickAccessName,fragment,250,10000,250,10000,1,population-hydrate,30,1.221613,1.2597089999999997,1.651027,1.7534199999999998,1.3187551999999998
native,GraphqlProjectQuickAccessName,fragment,500,10000,500,10000,1,population-hot,30,0.6284529999999999,0.6415120000000001,0.881543,0.9838060000000001,0.6672983000000001
native,GraphqlProjectQuickAccessName,fragment,500,10000,500,10000,1,population-hydrate,30,2.2233850000000004,2.3071010000000003,3.1878520000000004,3.1895750000000005,2.4487788
native,ItemPreviewFields,fragment,100,10000,100,10000,1,population-hot,30,0.12958499999999998,0.132869,0.161642,0.187922,0.1392559
native,ItemPreviewFields,fragment,100,10000,100,10000,1,population-hydrate,30,0.517637,0.5469010000000001,0.7671209999999999,0.847422,0.6129491666666667
native,ItemPreviewFields,fragment,250,10000,250,10000,1,population-hot,30,0.346179,0.361372,0.555693,0.565939,0.3955377
native,ItemPreviewFields,fragment,250,10000,250,10000,1,population-hydrate,30,1.3326989999999999,1.365779,1.900201,1.9548130000000001,1.4351672333333332
native,ItemPreviewFields,fragment,500,10000,500,10000,1,population-hot,30,0.7492340000000001,0.799199,1.148633,1.16004,0.8626356666666668
native,ItemPreviewFields,fragment,500,10000,500,10000,1,population-hydrate,30,2.337467,2.6521589999999997,3.487552,3.530096,2.7338085333333333
native,MailItemFields,fragment,100,10000,536,10000,1,population-hot,30,1.8005309999999999,1.8471609999999998,2.281363,2.310586,1.8968534333333333
native,MailItemFields,fragment,100,10000,536,10000,1,population-hydrate,30,4.7343519999999994,4.974442,5.889906,6.34645,5.149243533333332
native,MailItemFields,fragment,250,10000,1353,10000,1,population-hot,30,4.820099999999999,5.888964,8.612378999999999,11.038939,6.2577330999999985
native,MailItemFields,fragment,250,10000,1353,10000,1,population-hydrate,30,13.53887,15.906239999999999,19.461915,24.794694,16.410367866666665
native,MailItemFields,fragment,500,10000,2710,10000,1,population-hot,30,13.267241,16.522845,19.976886999999998,20.318429000000002,16.75245543333333
native,MailItemFields,fragment,500,10000,2710,10000,1,population-hydrate,30,26.066191,29.578229,33.328796000000004,36.532672,29.847800599999996
native,SoupItemFields,fragment,100,10000,536,10000,1,population-hot,30,1.745298,1.794152,2.415813,2.419078,1.9101873666666673
native,SoupItemFields,fragment,100,10000,536,10000,1,population-hydrate,30,4.647932,4.766631,5.781373,5.9250370000000006,4.914970366666666
native,SoupItemFields,fragment,250,10000,1353,10000,1,population-hot,30,4.755253,5.423205000000001,7.055184000000001,7.0912370000000005,5.583214600000002
native,SoupItemFields,fragment,250,10000,1353,10000,1,population-hydrate,30,11.618429,13.552881,16.660601999999997,16.780330999999997,14.118158333333334
native,SoupItemFields,fragment,500,10000,2710,10000,1,population-hot,30,13.6193,17.709735000000002,20.284078,21.350066,17.430276999999997
native,SoupItemFields,fragment,500,10000,2710,10000,1,population-hydrate,30,28.362977000000004,30.387593000000003,35.272061,35.402086,30.998263266666665
chromium,AgentSessionMentions,query,100,10000,111,10000,1,population-hot,30,0.39999985694885254,0.5,1.0,2.4000000953674316,0.6
chromium,AgentSessionMentions,query,100,10000,111,10000,1,population-hydrate,30,1.3999998569488525,2.0999999046325684,3.4000000953674316,5.0,2.203333338101705
chromium,ChannelListSoup,query,100,10000,459,10000,1,population-hot,30,3.200000047683716,4.099999904632568,5.1000001430511475,6.300000190734863,4.1
chromium,ChannelListSoup,query,100,10000,459,10000,1,population-hydrate,30,6.5,7.299999952316284,8.699999809265137,10.600000143051147,7.503333314259847
chromium,ChannelUnreadPresence,query,100,10000,120,10000,1,population-hot,30,0.2999999523162842,0.5,0.7999999523162842,0.7999999523162842,0.48333333333333334
chromium,ChannelUnreadPresence,query,100,10000,120,10000,1,population-hydrate,30,1.3000001907348633,1.7999999523162842,5.099999904632568,8.900000095367432,2.090000001589457
chromium,EmailThreadPage,query,100,10000,603,10000,1,population-hot,30,11.200000047683716,12.899999856948853,15.900000095367432,16.700000047683716,13.15
chromium,EmailThreadPage,query,100,10000,603,10000,1,population-hydrate,30,15.400000095367432,17.700000047683716,20.0,20.300000190734863,17.80000001589457
chromium,EntityActivity,query,100,10000,302,10000,1,population-hot,30,1.2999999523162842,1.6999998092651367,3.5999999046325684,3.8000001907348633,1.8300000031789143
chromium,EntityActivity,query,100,10000,302,10000,1,population-hydrate,30,3.3999998569488525,3.8999998569488525,5.300000190734863,5.5,3.9600000301996867
chromium,EntityProperties,query,100,10000,302,10000,1,population-hot,30,1.5,2.0,7.0,8.200000047683716,2.456666668256124
chromium,EntityProperties,query,100,10000,302,10000,1,population-hydrate,30,3.8999998569488525,4.3999998569488525,5.5,6.0,4.546666661898295
chromium,Favorites,query,100,10000,102,10000,1,population-hot,30,0.40000009536743164,0.6999998092651367,3.0,4.1000001430511475,0.9633333365122477
chromium,Favorites,query,100,10000,102,10000,1,population-hydrate,30,1.4000000953674316,1.6000001430511475,2.5999999046325684,3.0,1.7700000286102295
chromium,GroupSoup,query,100,10000,1085,10000,1,population-hot,30,10.700000047683716,12.200000047683716,16.399999856948853,19.700000047683716,12.590000001589457
chromium,GroupSoup,query,100,10000,1085,10000,1,population-hydrate,30,18.09999990463257,19.700000047683716,24.399999856948853,24.59999990463257,20.373333326975505
chromium,GroupSoupMembership,query,100,10000,202,10000,1,population-hot,30,0.5,0.7000000476837158,1.0999999046325684,1.6000001430511475,0.7700000047683716
chromium,GroupSoupMembership,query,100,10000,202,10000,1,population-hydrate,30,1.8999998569488525,2.299999952316284,3.0,3.0,2.3266666650772097
chromium,ItemPreview,query,100,10000,102,10000,1,population-hot,30,0.2999999523162842,0.5,0.7000000476837158,0.7999999523162842,0.5033333381017049
chromium,ItemPreview,query,100,10000,102,10000,1,population-hydrate,30,1.4000000953674316,1.7999999523162842,2.5,3.0,1.8799999952316284
chromium,ItemPreviewFileTypeCacheWrite,query,100,10000,102,10000,1,population-hot,30,0.19999980926513672,0.39999985694885254,0.7999999523162842,0.9000000953674316,0.42666666507720946
chromium,ItemPreviewFileTypeCacheWrite,query,100,10000,102,10000,1,population-hydrate,30,1.3999998569488525,1.7999999523162842,4.5,4.699999809265137,2.006666660308838
chromium,ItemPreviewNameCacheWrite,query,100,10000,102,10000,1,population-hot,30,0.2999999523162842,0.40000009536743164,2.5,3.0,0.7299999952316284
chromium,ItemPreviewNameCacheWrite,query,100,10000,102,10000,1,population-hydrate,30,1.1999998092651367,1.7000000476837158,2.700000047683716,4.599999904632568,1.8333333412806194
chromium,ItemPreviews,query,100,10000,118,10000,1,population-hot,30,0.5,0.7000000476837158,1.4000000953674316,1.4000000953674316,0.7799999952316284
chromium,ItemPreviews,query,100,10000,118,10000,1,population-hydrate,30,1.8000001907348633,2.200000047683716,2.9000000953674316,3.5999999046325684,2.343333331743876
chromium,MailAccounts,query,100,10000,102,10000,1,population-hot,30,0.20000004768371582,0.39999985694885254,0.7000000476837158,1.2000000476837158,0.39333333174387614
chromium,MailAccounts,query,100,10000,102,10000,1,population-hydrate,30,1.0,1.3999998569488525,2.0,2.0,1.4466666857401531
chromium,MyActivity,query,100,10000,102,10000,1,population-hot,30,0.5999999046325684,0.7000000476837158,1.5999999046325684,2.0,0.8266666650772094
chromium,MyActivity,query,100,10000,102,10000,1,population-hydrate,30,1.5,1.9000000953674316,3.4000000953674316,3.5,2.0166666984558104
chromium,MyActivityOverview,query,100,10000,2,10000,1,population-hot,30,0.2999999523162842,0.5999999046325684,1.7999999523162842,6.799999952316284,0.8166666666666667
chromium,MyActivityOverview,query,100,10000,2,10000,1,population-hydrate,30,0.7999999523162842,1.0,1.5,1.8999998569488525,1.056666652361552
chromium,Soup,query,100,10000,641,10000,1,population-hot,30,5.1000001430511475,5.799999952316284,9.699999809265137,9.799999952316284,6.3
chromium,Soup,query,100,10000,641,10000,1,population-hydrate,30,9.900000095367432,11.700000047683716,13.699999809265137,16.100000143051147,11.66666665871938
chromium,SoupBackfill,query,100,10000,721,10000,1,population-hot,30,6.900000095367432,8.799999952316284,11.200000047683716,14.399999856948853,9.079999995231628
chromium,SoupBackfill,query,100,10000,721,10000,1,population-hydrate,30,12.099999904632568,13.799999952316284,16.59999990463257,21.100000143051147,14.363333344459534
chromium,SoupMailBackfill,query,100,10000,641,10000,1,population-hot,30,5.799999952316284,6.5,10.400000095367432,12.199999809265137,7.203333330154419
chromium,SoupMailBackfill,query,100,10000,641,10000,1,population-hydrate,30,10.0,11.299999952316284,16.40000009536743,16.600000143051147,11.799999992052713
chromium,SoupMembership,query,100,10000,102,10000,1,population-hot,30,0.2999999523162842,0.5,2.299999952316284,4.699999809265137,0.7099999984105428
chromium,SoupMembership,query,100,10000,102,10000,1,population-hydrate,30,1.1999998092651367,1.7000000476837158,2.4000000953674316,3.0,1.7466666618982951
chromium,SoupNotifications,query,100,10000,302,10000,1,population-hot,30,2.299999952316284,2.5,4.900000095367432,5.900000095367432,2.8333333333333335
chromium,SoupNotifications,query,100,10000,302,10000,1,population-hydrate,30,5.099999904632568,5.700000047683716,8.099999904632568,9.400000095367432,5.969999972979228
chromium,SoupSharedMailBackfill,query,100,10000,641,10000,1,population-hot,30,5.200000047683716,6.0,6.700000047683716,7.1000001430511475,6.003333338101704
chromium,SoupSharedMailBackfill,query,100,10000,641,10000,1,population-hydrate,30,10.0,11.0,13.300000190734863,13.799999952316284,11.349999968210856
chromium,ChannelListItemFields,fragment,100,10000,356,10000,1,population-hot,30,2.799999952316284,3.1000001430511475,4.599999904632568,4.6000001430511475,3.353333330154419
chromium,ChannelListItemFields,fragment,100,10000,356,10000,1,population-hydrate,30,5.800000190734863,6.5,8.699999809265137,9.399999856948853,6.8699999888738
chromium,EmailThreadMessageFields,fragment,100,10000,503,10000,1,population-hot,30,10.200000047683716,11.700000047683716,15.199999809265137,16.0,12.063333320617676
chromium,EmailThreadMessageFields,fragment,100,10000,503,10000,1,population-hydrate,30,14.799999952316284,17.40000009536743,19.59999990463257,20.799999952316284,17.103333322207135
chromium,GraphqlChannelQuickAccessFields,fragment,100,10000,102,10000,1,population-hot,30,0.7999999523162842,1.0,1.2999999523162842,1.9000000953674316,1.0333333333333332
chromium,GraphqlChannelQuickAccessFields,fragment,100,10000,102,10000,1,population-hydrate,30,1.8999998569488525,2.4000000953674316,4.099999904632568,8.400000095367432,2.713333328564962
chromium,GraphqlChatQuickAccessName,fragment,100,10000,102,10000,1,population-hot,30,0.5,0.7000000476837158,2.799999952316284,6.599999904632568,1.0433333317438762
chromium,GraphqlChatQuickAccessName,fragment,100,10000,102,10000,1,population-hydrate,30,1.4000000953674316,1.6000001430511475,2.299999952316284,2.6999998092651367,1.749999984105428
chromium,GraphqlCrmCompanyQuickAccessFields,fragment,100,10000,102,10000,1,population-hot,30,0.7000000476837158,0.9000000953674316,1.7000000476837158,1.9000000953674316,1.0066666682561238
chromium,GraphqlCrmCompanyQuickAccessFields,fragment,100,10000,102,10000,1,population-hydrate,30,1.3999998569488525,1.6999998092651367,2.299999952316284,2.700000047683716,1.7499999761581422
chromium,GraphqlDocumentQuickAccessName,fragment,100,10000,102,10000,1,population-hot,30,0.7000000476837158,0.9000000953674316,2.700000047683716,2.9000000953674316,1.2033333381017048
chromium,GraphqlDocumentQuickAccessName,fragment,100,10000,102,10000,1,population-hydrate,30,1.5999999046325684,1.9000000953674316,2.700000047683716,3.4000000953674316,2.1200000206629435
chromium,GraphqlProjectQuickAccessName,fragment,100,10000,102,10000,1,population-hot,30,0.5,0.7000000476837158,1.0999999046325684,1.6000001430511475,0.7400000015894571
chromium,GraphqlProjectQuickAccessName,fragment,100,10000,102,10000,1,population-hydrate,30,1.5,2.0,3.799999952316284,5.400000095367432,2.2366666714350383
chromium,ItemPreviewFields,fragment,100,10000,102,10000,1,population-hot,30,0.5999999046325684,0.7999999523162842,2.299999952316284,2.5,0.9599999984105428
chromium,ItemPreviewFields,fragment,100,10000,102,10000,1,population-hydrate,30,1.5999999046325684,1.7999999523162842,2.6000001430511475,2.700000047683716,1.9799999872843426
chromium,MailItemFields,fragment,100,10000,538,10000,1,population-hot,30,5.5,6.400000095367432,10.0,10.300000190734863,6.813333336512248
chromium,MailItemFields,fragment,100,10000,538,10000,1,population-hydrate,30,9.899999856948853,10.799999952316284,14.5,15.700000047683716,11.410000022252401
chromium,SoupItemFields,fragment,100,10000,538,10000,1,population-hot,30,5.400000095367432,6.200000047683716,8.200000047683716,9.5,6.5199999968210856
chromium,SoupItemFields,fragment,100,10000,538,10000,1,population-hydrate,30,9.400000095367432,11.199999809265137,14.399999856948853,16.5,11.549999992052713
chromium,AgentSessionMentions,query,250,10000,273,10000,1,population-hot,30,0.5999999046325684,0.7999999523162842,1.7000000476837158,2.0999999046325684,0.9299999952316285
chromium,AgentSessionMentions,query,250,10000,273,10000,1,population-hydrate,30,2.299999952316284,2.5999999046325684,4.6000001430511475,5.0,2.8300000031789145
chromium,ChannelListSoup,query,250,10000,1148,10000,1,population-hot,30,7.599999904632568,8.700000047683716,13.599999904632568,13.799999952316284,9.423333334922791
chromium,ChannelListSoup,query,250,10000,1148,10000,1,population-hydrate,30,14.200000047683716,16.100000143051147,20.09999990463257,25.600000143051147,16.67666668097178
chromium,ChannelUnreadPresence,query,250,10000,294,10000,1,population-hot,30,0.5999999046325684,0.7999999523162842,1.6999998092651367,3.8000001907348633,0.9633333365122477
chromium,ChannelUnreadPresence,query,250,10000,294,10000,1,population-hydrate,30,2.5999999046325684,2.8999998569488525,3.8999998569488525,4.400000095367432,2.9899999856948853
chromium,EmailThreadPage,query,250,10000,1503,10000,1,population-hot,30,29.699999809265137,32.5,37.69999980926514,42.40000009536743,33.609999998410544
chromium,EmailThreadPage,query,250,10000,1503,10000,1,population-hydrate,30,41.60000014305115,43.89999985694885,49.40000009536743,52.700000047683716,44.580000011126195
chromium,EntityActivity,query,250,10000,752,10000,1,population-hot,30,3.0999999046325684,3.5999999046325684,5.099999904632568,6.099999904632568,3.790000001589457
chromium,EntityActivity,query,250,10000,752,10000,1,population-hydrate,30,7.400000095367432,8.100000143051147,10.099999904632568,11.399999856948853,8.436666671435038
chromium,EntityProperties,query,250,10000,752,10000,1,population-hot,30,3.3999998569488525,4.0,5.200000047683716,5.200000047683716,4.1266666650772095
chromium,EntityProperties,query,250,10000,752,10000,1,population-hydrate,30,8.399999856948853,9.299999952316284,13.400000095367432,14.200000047683716,9.816666642824808
chromium,Favorites,query,250,10000,252,10000,1,population-hot,30,1.0999999046325684,1.2000000476837158,2.700000047683716,3.3000001907348633,1.3733333269755046
chromium,Favorites,query,250,10000,252,10000,1,population-hydrate,30,2.799999952316284,3.299999952316284,4.5,4.599999904632568,3.416666682561239
chromium,GroupSoup,query,250,10000,2712,10000,1,population-hot,30,29.5,32.700000047683716,46.0,55.10000014305115,34.59666666189829
chromium,GroupSoup,query,250,10000,2712,10000,1,population-hydrate,30,45.700000047683716,51.89999985694885,65.70000004768372,71.29999995231628,53.88333331743876
chromium,GroupSoupMembership,query,250,10000,502,10000,1,population-hot,30,1.5999999046325684,2.0999999046325684,3.700000047683716,4.0,2.1866666634877525
chromium,GroupSoupMembership,query,250,10000,502,10000,1,population-hydrate,30,4.699999809265137,5.400000095367432,7.700000047683716,8.899999856948853,5.853333330154419
chromium,ItemPreview,query,250,10000,252,10000,1,population-hot,30,0.8999998569488525,1.1000001430511475,3.0999999046325684,4.700000047683716,1.4833333333333332
chromium,ItemPreview,query,250,10000,252,10000,1,population-hydrate,30,3.1999998092651367,3.5999999046325684,4.400000095367432,4.799999952316284,3.706666644414266
chromium,ItemPreviewFileTypeCacheWrite,query,250,10000,252,10000,1,population-hot,30,0.5,0.7000000476837158,1.7999999523162842,8.199999809265137,1.0100000063578287
chromium,ItemPreviewFileTypeCacheWrite,query,250,10000,252,10000,1,population-hydrate,30,2.200000047683716,2.6000001430511475,4.0,4.599999904632568,2.7633333365122477
chromium,ItemPreviewNameCacheWrite,query,250,10000,252,10000,1,population-hot,30,0.7000000476837158,0.8999998569488525,1.2999999523162842,1.8999998569488525,0.95
chromium,ItemPreviewNameCacheWrite,query,250,10000,252,10000,1,population-hydrate,30,2.5,2.700000047683716,3.700000047683716,4.0,2.8733333190282186
chromium,ItemPreviews,query,250,10000,294,10000,1,population-hot,30,1.1999998092651367,1.4000000953674316,3.4000000953674316,9.099999904632568,1.85
chromium,ItemPreviews,query,250,10000,294,10000,1,population-hydrate,30,3.700000047683716,4.199999809265137,5.599999904632568,6.0,4.339999985694885
chromium,MailAccounts,query,250,10000,252,10000,1,population-hot,30,0.5999999046325684,0.9000000953674316,4.599999904632568,5.200000047683716,1.296666669845581
chromium,MailAccounts,query,250,10000,252,10000,1,population-hydrate,30,2.1999998092651367,2.5,2.9000000953674316,3.0,2.5233333269755045
chromium,MyActivity,query,250,10000,252,10000,1,population-hot,30,1.3000001907348633,1.5,3.5,3.700000047683716,1.7433333317438762
chromium,MyActivity,query,250,10000,252,10000,1,population-hydrate,30,3.0999999046325684,3.3000001907348633,4.299999952316284,4.5,3.459999998410543
chromium,MyActivityOverview,query,250,10000,2,10000,1,population-hot,30,0.7999999523162842,0.9000000953674316,2.0999999046325684,2.299999952316284,1.1033333381017048
chromium,MyActivityOverview,query,250,10000,2,10000,1,population-hydrate,30,1.1000001430511475,1.4000000953674316,2.0,2.200000047683716,1.5033333619435627
chromium,Soup,query,250,10000,1606,10000,1,population-hot,30,14.600000143051147,16.600000143051147,20.59999990463257,23.899999856948853,17.169999988873798
chromium,Soup,query,250,10000,1606,10000,1,population-hydrate,30,23.899999856948853,27.90000009536743,33.80000019073486,33.80000019073486,28.26666666666667
chromium,SoupBackfill,query,250,10000,1816,10000,1,population-hot,30,19.5,22.300000190734863,29.40000009536743,34.09999990463257,23.676666673024496
chromium,SoupBackfill,query,250,10000,1816,10000,1,population-hydrate,30,29.899999856948853,34.0,40.60000014305115,41.700000047683716,34.62666669686636
chromium,SoupMailBackfill,query,250,10000,1606,10000,1,population-hot,30,14.099999904632568,16.299999952316284,22.600000143051147,27.0,16.746666661898296
chromium,SoupMailBackfill,query,250,10000,1606,10000,1,population-hydrate,30,23.299999952316284,26.09999990463257,29.799999952316284,30.100000143051147,26.6
chromium,SoupMembership,query,250,10000,252,10000,1,population-hot,30,0.40000009536743164,0.5999999046325684,0.9000000953674316,1.6000001430511475,0.6533333381017049
chromium,SoupMembership,query,250,10000,252,10000,1,population-hydrate,30,2.4000000953674316,3.0,4.0,4.5,3.1066667000452677
chromium,SoupNotifications,query,250,10000,752,10000,1,population-hot,30,5.900000095367432,6.799999952316284,10.299999952316284,10.799999952316284,7.25
chromium,SoupNotifications,query,250,10000,752,10000,1,population-hydrate,30,11.399999856948853,13.5,16.40000009536743,16.899999856948853,13.520000004768372
chromium,SoupSharedMailBackfill,query,250,10000,1606,10000,1,population-hot,30,14.299999952316284,16.0,18.59999990463257,19.600000143051147,16.406666668256122
chromium,SoupSharedMailBackfill,query,250,10000,1606,10000,1,population-hydrate,30,24.100000143051147,26.700000047683716,33.299999952316284,34.40000009536743,27.23333335717519
chromium,ChannelListItemFields,fragment,250,10000,897,10000,1,population-hot,30,8.399999856948853,9.900000095367432,12.400000095367432,16.5,10.42666666507721
chromium,ChannelListItemFields,fragment,250,10000,897,10000,1,population-hydrate,30,12.899999856948853,14.5,19.59999990463257,23.200000047683716,15.236666639645895
chromium,EmailThreadMessageFields,fragment,250,10000,1253,10000,1,population-hot,30,30.0,33.200000047683716,45.700000047683716,51.89999985694885,34.74666665395101
chromium,EmailThreadMessageFields,fragment,250,10000,1253,10000,1,population-hydrate,30,38.0,41.200000047683716,50.90000009536743,53.39999985694885,42.45333335399628
chromium,GraphqlChannelQuickAccessFields,fragment,250,10000,252,10000,1,population-hot,30,2.0999999046325684,2.4000000953674316,3.799999952316284,5.599999904632568,2.6233333349227905
chromium,GraphqlChannelQuickAccessFields,fragment,250,10000,252,10000,1,population-hydrate,30,4.3999998569488525,5.0,6.5,6.800000190734863,5.113333368301392
chromium,GraphqlChatQuickAccessName,fragment,250,10000,252,10000,1,population-hot,30,1.2000000476837158,1.7000000476837158,2.799999952316284,3.700000047683716,1.85
chromium,GraphqlChatQuickAccessName,fragment,250,10000,252,10000,1,population-hydrate,30,3.0999999046325684,4.099999904632568,6.6000001430511475,7.299999952316284,4.2099999984105425
chromium,GraphqlCrmCompanyQuickAccessFields,fragment,250,10000,252,10000,1,population-hot,30,1.5999999046325684,2.0,4.1000001430511475,5.300000190734863,2.209999998410543
chromium,GraphqlCrmCompanyQuickAccessFields,fragment,250,10000,252,10000,1,population-hydrate,30,3.4000000953674316,3.8999998569488525,5.700000047683716,5.799999952316284,4.2066666841506954
chromium,GraphqlDocumentQuickAccessName,fragment,250,10000,252,10000,1,population-hot,30,1.6000001430511475,2.0,3.200000047683716,4.0,2.1333333333333333
chromium,GraphqlDocumentQuickAccessName,fragment,250,10000,252,10000,1,population-hydrate,30,3.5999999046325684,4.0,5.0,5.8999998569488525,4.13666668732961
chromium,GraphqlProjectQuickAccessName,fragment,250,10000,252,10000,1,population-hot,30,1.2999999523162842,1.5,2.5999999046325684,5.400000095367432,1.760000006357829
chromium,GraphqlProjectQuickAccessName,fragment,250,10000,252,10000,1,population-hydrate,30,3.3000001907348633,4.0,5.400000095367432,5.700000047683716,4.200000015894572
chromium,ItemPreviewFields,fragment,250,10000,252,10000,1,population-hot,30,1.2999999523162842,1.6999998092651367,3.5,6.200000047683716,1.9699999968210857
chromium,ItemPreviewFields,fragment,250,10000,252,10000,1,population-hydrate,30,3.5999999046325684,5.199999809265137,7.200000047683716,7.3999998569488525,5.239999993642171
chromium,MailItemFields,fragment,250,10000,1355,10000,1,population-hot,30,15.099999904632568,18.0,22.799999952316284,25.90000009536743,18.37666666507721
chromium,MailItemFields,fragment,250,10000,1355,10000,1,population-hydrate,30,22.100000143051147,24.700000047683716,29.200000047683716,32.09999990463257,25.470000020662944
chromium,SoupItemFields,fragment,250,10000,1355,10000,1,population-hot,30,12.900000095367432,15.199999809265137,19.5,22.5,15.659999990463257
chromium,SoupItemFields,fragment,250,10000,1355,10000,1,population-hydrate,30,22.299999952316284,25.90000009536743,31.5,35.10000014305115,26.066666666666666
chromium,AgentSessionMentions,query,500,10000,544,10000,1,population-hot,30,1.1000001430511475,1.2999999523162842,1.7999999523162842,2.5,1.3933333317438763
chromium,AgentSessionMentions,query,500,10000,544,10000,1,population-hydrate,30,4.099999904632568,4.599999904632568,5.800000190734863,6.199999809265137,4.75666667620341
chromium,ChannelListSoup,query,500,10000,2288,10000,1,population-hot,30,13.799999952316284,16.799999952316284,23.299999952316284,25.0,17.64333333174388
chromium,ChannelListSoup,query,500,10000,2288,10000,1,population-hydrate,30,28.200000047683716,30.700000047683716,35.700000047683716,36.700000047683716,31.406666684150697
chromium,ChannelUnreadPresence,query,500,10000,586,10000,1,population-hot,30,1.2000000476837158,1.6999998092651367,2.200000047683716,2.799999952316284,1.7299999952316285
chromium,ChannelUnreadPresence,query,500,10000,586,10000,1,population-hydrate,30,4.400000095367432,5.1000001430511475,6.799999952316284,8.0,5.3700000206629435
chromium,EmailThreadPage,query,500,10000,3003,10000,1,population-hot,30,62.40000009536743,67.09999990463257,89.90000009536743,92.40000009536743,68.85
chromium,EmailThreadPage,query,500,10000,3003,10000,1,population-hydrate,30,85.29999995231628,90.0,109.0,109.79999995231628,92.98666665554046
chromium,EntityActivity,query,500,10000,1502,10000,1,population-hot,30,6.599999904632568,7.400000095367432,12.5,12.5,8.1
chromium,EntityActivity,query,500,10000,1502,10000,1,population-hydrate,30,14.299999952316284,16.0,20.700000047683716,22.5,16.630000003178914
chromium,EntityProperties,query,500,10000,1502,10000,1,population-hot,30,7.5,8.199999809265137,12.599999904632568,13.199999809265137,8.753333338101706
chromium,EntityProperties,query,500,10000,1502,10000,1,population-hydrate,30,16.5,18.100000143051147,20.40000009536743,21.200000047683716,18.390000017484027
chromium,Favorites,query,500,10000,502,10000,1,population-hot,30,2.0,2.200000047683716,3.3999998569488525,4.3999998569488525,2.456666668256124
chromium,Favorites,query,500,10000,502,10000,1,population-hydrate,30,5.0,5.5,7.900000095367432,8.599999904632568,5.846666693687439
chromium,GroupSoup,query,500,10000,5426,10000,1,population-hot,30,63.700000047683716,68.09999990463257,74.40000009536743,75.0,68.0033333381017
chromium,GroupSoup,query,500,10000,5426,10000,1,population-hydrate,30,98.70000004768372,109.70000004768372,129.60000014305115,156.70000004768372,111.4833333492279
chromium,GroupSoupMembership,query,500,10000,1002,10000,1,population-hot,30,3.0,3.5,4.800000190734863,5.0,3.6766666730244957
chromium,GroupSoupMembership,query,500,10000,1002,10000,1,population-hydrate,30,7.799999952316284,8.700000047683716,10.599999904632568,11.300000190734863,9.210000014305114
chromium,ItemPreview,query,500,10000,502,10000,1,population-hot,30,1.6999998092651367,2.1000001430511475,6.400000095367432,6.699999809265137,2.556666668256124
chromium,ItemPreview,query,500,10000,502,10000,1,population-hydrate,30,4.400000095367432,6.199999809265137,8.0,8.5,6.246666646003723
chromium,ItemPreviewFileTypeCacheWrite,query,500,10000,502,10000,1,population-hot,30,0.9000000953674316,1.3000001907348633,4.5,5.799999952316284,1.6533333301544189
chromium,ItemPreviewFileTypeCacheWrite,query,500,10000,502,10000,1,population-hydrate,30,4.199999809265137,4.700000047683716,6.5,12.099999904632568,5.1800000190734865
chromium,ItemPreviewNameCacheWrite,query,500,10000,502,10000,1,population-hot,30,1.2999999523162842,1.3999998569488525,2.3000001907348633,2.5,1.4766666650772096
chromium,ItemPreviewNameCacheWrite,query,500,10000,502,10000,1,population-hydrate,30,4.099999904632568,5.0,6.400000095367432,7.200000047683716,5.150000007947286
chromium,ItemPreviews,query,500,10000,586,10000,1,population-hot,30,2.0,2.4000000953674316,8.699999809265137,11.399999856948853,3.0099999984105428
chromium,ItemPreviews,query,500,10000,586,10000,1,population-hydrate,30,5.799999952316284,6.5,9.800000190734863,15.300000190734863,7.136666679382325
chromium,MailAccounts,query,500,10000,502,10000,1,population-hot,30,1.2000000476837158,1.4000000953674316,2.5,2.5999999046325684,1.6333333333333333
chromium,MailAccounts,query,500,10000,502,10000,1,population-hydrate,30,3.799999952316284,4.299999952316284,5.5,6.900000095367432,4.49999996026357
chromium,MyActivity,query,500,10000,502,10000,1,population-hot,30,2.4000000953674316,2.700000047683716,6.199999809265137,6.199999809265137,3.053333338101705
chromium,MyActivity,query,500,10000,502,10000,1,population-hydrate,30,5.200000047683716,6.700000047683716,8.700000047683716,9.5,6.823333326975505
chromium,MyActivityOverview,query,500,10000,2,10000,1,population-hot,30,1.3000001907348633,1.9000000953674316,4.099999904632568,5.6000001430511475,2.1666666666666665
chromium,MyActivityOverview,query,500,10000,2,10000,1,population-hydrate,30,2.0,2.4000000953674316,3.200000047683716,4.099999904632568,2.490000009536743
chromium,Soup,query,500,10000,3204,10000,1,population-hot,30,29.0,34.5,43.799999952316284,44.5,34.566666658719384
chromium,Soup,query,500,10000,3204,10000,1,population-hydrate,30,47.89999985694885,54.5,61.200000047683716,66.70000004768372,54.47333333492279
chromium,SoupBackfill,query,500,10000,3614,10000,1,population-hot,30,40.59999990463257,44.5,52.799999952316284,53.700000047683716,45.640000001589456
chromium,SoupBackfill,query,500,10000,3614,10000,1,population-hydrate,30,61.700000047683716,68.5,80.90000009536743,83.19999980926514,69.59000000158946
chromium,SoupMailBackfill,query,500,10000,3204,10000,1,population-hot,30,29.699999809265137,31.90000009536743,42.299999952316284,42.40000009536743,33.26333332856496
chromium,SoupMailBackfill,query,500,10000,3204,10000,1,population-hydrate,30,49.30000019073486,56.90000009536743,69.5,70.5,56.92000002861023
chromium,SoupMembership,query,500,10000,502,10000,1,population-hot,30,0.8999998569488525,1.2999999523162842,4.400000095367432,4.900000095367432,1.5400000015894573
chromium,SoupMembership,query,500,10000,502,10000,1,population-hydrate,30,4.0,4.5,6.300000190734863,6.5,4.7066666841506954
chromium,SoupNotifications,query,500,10000,1502,10000,1,population-hot,30,12.5,13.799999952316284,18.200000047683716,22.40000009536743,14.29333332379659
chromium,SoupNotifications,query,500,10000,1502,10000,1,population-hydrate,30,21.200000047683716,23.09999990463257,29.200000047683716,29.90000009536743,23.739999985694887
chromium,SoupSharedMailBackfill,query,500,10000,3204,10000,1,population-hot,30,29.5,33.299999952316284,36.59999990463257,40.09999990463257,33.41333332856497
chromium,SoupSharedMailBackfill,query,500,10000,3204,10000,1,population-hydrate,30,47.09999990463257,55.30000019073486,64.29999995231628,67.39999985694885,56.003333338101704
chromium,ChannelListItemFields,fragment,500,10000,1796,10000,1,population-hot,30,13.299999952316284,15.400000095367432,20.799999952316284,28.59999990463257,16.169999996821083
chromium,ChannelListItemFields,fragment,500,10000,1796,10000,1,population-hydrate,30,24.59999990463257,27.399999856948853,31.399999856948853,40.5,27.8199999888738
chromium,EmailThreadMessageFields,fragment,500,10000,2503,10000,1,population-hot,30,59.60000014305115,67.39999985694885,72.20000004768372,74.09999990463257,66.83999999364217
chromium,EmailThreadMessageFields,fragment,500,10000,2503,10000,1,population-hydrate,30,78.40000009536743,84.70000004768372,97.20000004768372,97.60000014305115,85.75333335399628
chromium,GraphqlChannelQuickAccessFields,fragment,500,10000,502,10000,1,population-hot,30,4.5,5.0,7.5,7.699999809265137,5.259999998410542
chromium,GraphqlChannelQuickAccessFields,fragment,500,10000,502,10000,1,population-hydrate,30,7.799999952316284,9.0,12.200000047683716,12.400000095367432,9.390000009536744
chromium,GraphqlChatQuickAccessName,fragment,500,10000,502,10000,1,population-hot,30,2.200000047683716,2.5,2.700000047683716,3.0,2.4866666714350383
chromium,GraphqlChatQuickAccessName,fragment,500,10000,502,10000,1,population-hydrate,30,5.5,6.1000001430511475,6.599999904632568,7.799999952316284,6.159999998410543
chromium,GraphqlCrmCompanyQuickAccessFields,fragment,500,10000,502,10000,1,population-hot,30,3.3999998569488525,3.9000000953674316,4.8999998569488525,6.0,4.0433333317438755
chromium,GraphqlCrmCompanyQuickAccessFields,fragment,500,10000,502,10000,1,population-hydrate,30,5.8999998569488525,7.200000047683716,9.0,9.400000095367432,7.279999995231629
chromium,GraphqlDocumentQuickAccessName,fragment,500,10000,502,10000,1,population-hot,30,3.0,3.3999998569488525,5.300000190734863,11.300000190734863,3.8633333365122478
chromium,GraphqlDocumentQuickAccessName,fragment,500,10000,502,10000,1,population-hydrate,30,6.5,7.0,8.200000047683716,8.5,7.103333346048991
chromium,GraphqlProjectQuickAccessName,fragment,500,10000,502,10000,1,population-hot,30,2.5999999046325684,3.1000001430511475,3.700000047683716,4.900000095367432,3.103333330154419
chromium,GraphqlProjectQuickAccessName,fragment,500,10000,502,10000,1,population-hydrate,30,5.8999998569488525,6.299999952316284,8.200000047683716,8.700000047683716,6.529999987284342
chromium,ItemPreviewFields,fragment,500,10000,502,10000,1,population-hot,30,2.9000000953674316,3.5,7.0,7.799999952316284,3.943333331743876
chromium,ItemPreviewFields,fragment,500,10000,502,10000,1,population-hydrate,30,5.3999998569488525,6.3999998569488525,7.6000001430511475,8.0,6.5199999968210856
chromium,MailItemFields,fragment,500,10000,2712,10000,1,population-hot,30,28.799999952316284,32.69999980926514,36.299999952316284,39.39999985694885,33.266666666666666
chromium,MailItemFields,fragment,500,10000,2712,10000,1,population-hydrate,30,46.0,51.299999952316284,58.19999980926514,66.40000009536743,52.32666668891907
chromium,SoupItemFields,fragment,500,10000,2712,10000,1,population-hot,30,30.100000143051147,33.59999990463257,43.60000014305115,46.59999990463257,34.50999999841054
chromium,SoupItemFields,fragment,500,10000,2712,10000,1,population-hydrate,30,45.200000047683716,49.10000014305115,55.299999952316284,62.0,50.03666666348776
firefox,AgentSessionMentions,query,100,10000,111,10000,1,population-hot,30,1.5200000000004366,1.7000000000007276,3.7000000000007276,10.600000000002183,2.128000000000005
firefox,AgentSessionMentions,query,100,10000,111,10000,1,population-hydrate,30,6.819999999999709,7.400000000001455,10.12000000000262,10.459999999999127,7.802000000000044
firefox,ChannelListSoup,query,100,10000,459,10000,1,population-hot,30,10.940000000002328,13.860000000000582,21.659999999996217,31.279999999998836,14.657999999999932
firefox,ChannelListSoup,query,100,10000,459,10000,1,population-hydrate,30,28.30000000000291,31.62000000000262,37.0,38.079999999987194,32.20066666666535
firefox,ChannelUnreadPresence,query,100,10000,120,10000,1,population-hot,30,1.4000000000087311,1.6200000000098953,2.0200000000040745,2.3000000000029104,1.69866666666688
firefox,ChannelUnreadPresence,query,100,10000,120,10000,1,population-hydrate,30,6.860000000000582,7.459999999991851,8.419999999998254,8.540000000008149,7.59466666666558
firefox,EmailThreadPage,query,100,10000,603,10000,1,population-hot,30,36.13999999999942,40.69999999999709,48.36000000000058,49.9600000000064,41.527333333332585
firefox,EmailThreadPage,query,100,10000,603,10000,1,population-hydrate,30,65.75999999998021,72.36000000000058,85.0,89.77999999999884,74.60733333333532
firefox,EntityActivity,query,100,10000,302,10000,1,population-hot,30,5.260000000009313,6.100000000005821,8.179999999993015,18.660000000003492,6.621333333333799
firefox,EntityActivity,query,100,10000,302,10000,1,population-hydrate,30,16.039999999979045,17.39999999999418,21.89999999999418,22.220000000001164,17.86066666666399
firefox,EntityProperties,query,100,10000,302,10000,1,population-hot,30,5.819999999977881,6.7999999999883585,9.519999999989523,18.839999999996508,7.323999999999069
firefox,EntityProperties,query,100,10000,302,10000,1,population-hydrate,30,17.660000000003492,19.699999999982538,23.019999999989523,24.179999999993015,19.864666666666743
firefox,Favorites,query,100,10000,102,10000,1,population-hot,30,2.179999999993015,2.4799999999813735,4.400000000023283,14.5,3.023333333331781
firefox,Favorites,query,100,10000,102,10000,1,population-hydrate,30,6.260000000009313,6.880000000004657,8.580000000016298,11.119999999995343,7.166666666665696
firefox,GroupSoup,query,100,10000,1085,10000,1,population-hot,30,38.539999999979045,45.22000000003027,56.26000000000931,57.64000000001397,46.57133333333186
firefox,GroupSoup,query,100,10000,1085,10000,1,population-hydrate,30,78.47999999998137,86.04000000003725,92.64000000001397,92.76000000000931,85.77533333333365
firefox,GroupSoupMembership,query,100,10000,202,10000,1,population-hot,30,2.6599999999743886,3.1599999999743886,4.320000000006985,5.120000000053551,3.3053333333324795
firefox,GroupSoupMembership,query,100,10000,202,10000,1,population-hydrate,30,10.119999999995343,11.020000000018626,14.200000000011642,14.71999999997206,11.48400000000062
firefox,ItemPreview,query,100,10000,102,10000,1,population-hot,30,1.599999999976717,1.8800000000046566,2.5399999999790452,2.7600000000093132,1.9706666666665114
firefox,ItemPreview,query,100,10000,102,10000,1,population-hydrate,30,6.14000000001397,6.7999999999883585,9.299999999988358,9.480000000039581,7.287999999998526
firefox,ItemPreviewFileTypeCacheWrite,query,100,10000,102,10000,1,population-hot,30,1.1999999999534339,1.4800000000395812,3.080000000016298,3.14000000001397,1.674666666666356
firefox,ItemPreviewFileTypeCacheWrite,query,100,10000,102,10000,1,population-hydrate,30,6.0,6.739999999990687,9.14000000001397,11.960000000020955,7.156000000003648
firefox,ItemPreviewNameCacheWrite,query,100,10000,102,10000,1,population-hot,30,1.400000000023283,1.6199999999953434,2.179999999993015,3.779999999969732,1.7379999999985254
firefox,ItemPreviewNameCacheWrite,query,100,10000,102,10000,1,population-hydrate,30,6.199999999953434,7.0200000000186265,9.019999999960419,9.380000000004657,7.282666666667986
firefox,ItemPreviews,query,100,10000,118,10000,1,population-hot,30,2.3199999999487773,2.7600000000093132,3.2800000000279397,4.040000000037253,2.8046666666671323
firefox,ItemPreviews,query,100,10000,118,10000,1,population-hydrate,30,7.779999999969732,8.700000000011642,12.460000000020955,14.259999999951106,9.127333333331626
firefox,MailAccounts,query,100,10000,102,10000,1,population-hot,30,1.540000000037253,1.7399999999906868,2.779999999969732,3.3999999999650754,1.968666666666589
firefox,MailAccounts,query,100,10000,102,10000,1,population-hydrate,30,5.320000000006985,5.9200000000419095,8.239999999990687,17.98000000003958,6.557333333342103
firefox,MyActivity,query,100,10000,102,10000,1,population-hot,30,2.35999999998603,2.6199999999953434,3.6000000000349246,4.339999999967404,2.7946666666694604
firefox,MyActivity,query,100,10000,102,10000,1,population-hydrate,30,6.900000000023283,7.880000000004657,10.779999999969732,11.559999999997672,8.28400000000256
firefox,MyActivityOverview,query,100,10000,2,10000,1,population-hot,30,1.4799999999813735,1.8199999999487773,3.14000000001397,6.0,2.0753333333375243
firefox,MyActivityOverview,query,100,10000,2,10000,1,population-hydrate,30,2.759999999892898,3.0799999999580905,3.85999999998603,4.080000000074506,3.1666666666666665
firefox,Soup,query,100,10000,641,10000,1,population-hot,30,19.940000000060536,22.539999999920838,34.67999999993481,42.660000000032596,24.41599999999162
firefox,Soup,query,100,10000,641,10000,1,population-hydrate,30,42.40000000002328,50.5,58.5,60.5,50.23333333334498
firefox,SoupBackfill,query,100,10000,721,10000,1,population-hot,30,28.039999999920838,32.919999999925494,45.21999999997206,46.14000000001397,34.23133333333535
firefox,SoupBackfill,query,100,10000,721,10000,1,population-hydrate,30,54.080000000074506,59.97999999998137,69.31999999994878,70.26000000000931,60.38266666666993
firefox,SoupMailBackfill,query,100,10000,641,10000,1,population-hot,30,20.679999999934807,23.56000000005588,30.21999999997206,38.559999999939464,24.399333333336592
firefox,SoupMailBackfill,query,100,10000,641,10000,1,population-hydrate,30,42.14000000001397,49.06000000005588,62.31999999994878,73.03999999992084,50.602666666665264
firefox,SoupMembership,query,100,10000,102,10000,1,population-hot,30,1.2199999999720603,1.400000000023283,1.8599999999860302,2.4600000000791624,1.4686666666685293
firefox,SoupMembership,query,100,10000,102,10000,1,population-hydrate,30,5.760000000009313,6.519999999902211,8.92000000004191,9.0,6.964000000005278
firefox,SoupNotifications,query,100,10000,302,10000,1,population-hot,30,10.199999999953434,11.320000000065193,18.57999999995809,27.880000000004657,12.269333333339697
firefox,SoupNotifications,query,100,10000,302,10000,1,population-hydrate,30,22.580000000074506,24.35999999998603,28.85999999998603,29.21999999997206,25.01266666666294
firefox,SoupSharedMailBackfill,query,100,10000,641,10000,1,population-hot,30,20.800000000046566,22.959999999962747,28.739999999990687,29.819999999948777,23.881999999998758
firefox,SoupSharedMailBackfill,query,100,10000,641,10000,1,population-hydrate,30,45.15999999991618,50.059999999939464,57.02000000001863,64.86000000010245,50.47333333333178
firefox,ChannelListItemFields,fragment,100,10000,356,10000,1,population-hot,30,12.319999999948777,15.42000000004191,25.739999999990687,28.559999999939464,16.612666666662943
firefox,ChannelListItemFields,fragment,100,10000,356,10000,1,population-hydrate,30,24.42000000004191,26.880000000004657,31.040000000037253,31.14000000001397,27.398666666669307
firefox,EmailThreadMessageFields,fragment,100,10000,503,10000,1,population-hot,30,35.0,39.64000000001397,49.0,49.5,40.63733333332542
firefox,EmailThreadMessageFields,fragment,100,10000,503,10000,1,population-hydrate,30,58.45999999996275,67.73999999999069,90.35999999998603,96.3399999999674,69.93800000000047
firefox,GraphqlChannelQuickAccessFields,fragment,100,10000,102,10000,1,population-hot,30,4.099999999976717,4.4200000000419095,5.819999999948777,18.080000000074506,4.972666666668374
firefox,GraphqlChannelQuickAccessFields,fragment,100,10000,102,10000,1,population-hydrate,30,8.64000000001397,9.599999999976717,14.979999999981374,16.71999999997206,10.298666666661545
firefox,GraphqlChatQuickAccessName,fragment,100,10000,102,10000,1,population-hot,30,2.3999999999068677,2.6199999999953434,3.699999999953434,3.7399999999906868,2.7519999999979823
firefox,GraphqlChatQuickAccessName,fragment,100,10000,102,10000,1,population-hydrate,30,6.599999999976717,7.199999999953434,9.5,9.78000000002794,7.519333333324175
firefox,GraphqlCrmCompanyQuickAccessFields,fragment,100,10000,102,10000,1,population-hot,30,3.540000000037253,4.680000000051223,5.919999999925494,5.960000000079162,4.7
firefox,GraphqlCrmCompanyQuickAccessFields,fragment,100,10000,102,10000,1,population-hydrate,30,6.9799999999813735,7.679999999934807,12.56000000005588,16.660000000032596,8.927333333323864
firefox,GraphqlDocumentQuickAccessName,fragment,100,10000,102,10000,1,population-hot,30,2.7800000000279397,2.9600000000791624,4.339999999967404,10.119999999995343,3.3880000000004658
firefox,GraphqlDocumentQuickAccessName,fragment,100,10000,102,10000,1,population-hydrate,30,7.259999999892898,7.739999999990687,9.599999999976717,12.260000000009313,8.123333333327901
firefox,GraphqlProjectQuickAccessName,fragment,100,10000,102,10000,1,population-hot,30,2.519999999785796,2.8200000000651926,3.8600000001024455,4.119999999878928,3.00266666666915
firefox,GraphqlProjectQuickAccessName,fragment,100,10000,102,10000,1,population-hydrate,30,6.699999999953434,7.239999999990687,9.759999999776483,11.100000000093132,7.656666666657354
firefox,ItemPreviewFields,fragment,100,10000,102,10000,1,population-hot,30,2.579999999841675,2.8799999998882413,4.0,4.71999999997206,3.1513333333345748
firefox,ItemPreviewFields,fragment,100,10000,102,10000,1,population-hydrate,30,6.220000000204891,6.820000000065193,8.540000000037253,10.239999999990687,7.198666666665424
firefox,MailItemFields,fragment,100,10000,538,10000,1,population-hot,30,19.739999999990687,21.21999999997206,27.320000000065193,29.140000000130385,22.183333333341096
firefox,MailItemFields,fragment,100,10000,538,10000,1,population-hydrate,30,39.04000000003725,42.31999999983236,59.199999999953434,64.73999999999069,44.62666666664494
firefox,SoupItemFields,fragment,100,10000,538,10000,1,population-hot,30,20.12000000011176,22.87999999988824,36.38000000012107,37.5,24.385333333327434
firefox,SoupItemFields,fragment,100,10000,538,10000,1,population-hydrate,30,39.15999999991618,43.28000000002794,47.04000000003725,47.93999999994412,43.158666666666974
firefox,AgentSessionMentions,query,250,10000,273,10000,1,population-hot,30,2.8400000000001455,3.2999999999992724,4.360000000000582,5.759999999998399,3.485333333333377
firefox,AgentSessionMentions,query,250,10000,273,10000,1,population-hydrate,30,12.559999999997672,14.080000000001746,16.360000000000582,17.840000000000146,14.22266666666631
firefox,ChannelListSoup,query,250,10000,1148,10000,1,population-hot,30,25.87999999999738,29.520000000004075,35.81999999999971,37.400000000001455,30.237999999999968
firefox,ChannelListSoup,query,250,10000,1148,10000,1,population-hydrate,30,63.14000000001397,66.83999999999651,72.6200000000099,86.71999999998661,68.28733333333389
firefox,ChannelUnreadPresence,query,250,10000,294,10000,1,population-hot,30,2.720000000001164,3.2999999999883585,4.519999999989523,5.559999999997672,3.5193333333319363
firefox,ChannelUnreadPresence,query,250,10000,294,10000,1,population-hydrate,30,12.739999999990687,13.860000000015134,17.779999999998836,19.119999999995343,14.48933333333019
firefox,EmailThreadPage,query,250,10000,1503,10000,1,population-hot,30,102.22000000000116,114.14000000001397,131.2600000000093,135.89999999999418,115.72733333333456
firefox,EmailThreadPage,query,250,10000,1503,10000,1,population-hydrate,30,173.96000000002095,195.63999999998487,223.48000000001048,250.11999999999534,193.34599999999813
firefox,EntityActivity,query,250,10000,752,10000,1,population-hot,30,13.720000000001164,15.940000000002328,20.179999999993015,37.23999999999069,16.843333333331003
firefox,EntityActivity,query,250,10000,752,10000,1,population-hydrate,30,35.95999999999185,41.26000000000931,47.19999999998254,48.70000000001164,41.423333333331776
firefox,EntityProperties,query,250,10000,752,10000,1,population-hot,30,14.5,17.619999999995343,22.95999999999185,22.979999999981374,18.142666666665658
firefox,EntityProperties,query,250,10000,752,10000,1,population-hydrate,30,38.79999999998836,41.160000000032596,51.339999999967404,51.86000000004424,42.744000000002174
firefox,Favorites,query,250,10000,252,10000,1,population-hot,30,5.019999999960419,5.639999999955762,10.14000000001397,15.739999999990687,6.323999999999069
firefox,Favorites,query,250,10000,252,10000,1,population-hydrate,30,13.899999999965075,15.320000000006985,19.839999999967404,21.040000000037253,16.03666666666783
firefox,GroupSoup,query,250,10000,2712,10000,1,population-hot,30,102.81999999994878,107.20000000001164,119.57999999995809,165.17999999999302,110.58733333333318
firefox,GroupSoup,query,250,10000,2712,10000,1,population-hydrate,30,189.68000000005122,202.67999999999302,218.02000000001863,220.60000000003492,202.97800000001055
firefox,GroupSoupMembership,query,250,10000,502,10000,1,population-hot,30,6.559999999939464,8.520000000018626,11.440000000060536,25.459999999962747,9.372666666668374
firefox,GroupSoupMembership,query,250,10000,502,10000,1,population-hydrate,30,20.35999999998603,21.759999999892898,24.92000000004191,27.679999999934807,22.425333333322005
firefox,ItemPreview,query,250,10000,252,10000,1,population-hot,30,3.35999999998603,3.6799999999348074,5.059999999939464,5.21999999997206,3.8279999999989136
firefox,ItemPreview,query,250,10000,252,10000,1,population-hydrate,30,12.380000000004657,13.180000000051223,14.56000000005588,15.040000000037253,13.401999999994102
firefox,ItemPreviewFileTypeCacheWrite,query,250,10000,252,10000,1,population-hot,30,2.4799999999813735,3.099999999976717,4.880000000004657,6.0799999999580905,3.3213333333337993
firefox,ItemPreviewFileTypeCacheWrite,query,250,10000,252,10000,1,population-hydrate,30,10.819999999948777,11.539999999920838,13.300000000046566,13.339999999967404,11.866666666655025
firefox,ItemPreviewNameCacheWrite,query,250,10000,252,10000,1,population-hot,30,2.8600000001024455,3.3199999999487773,4.279999999911524,5.6399999998975545,3.481333333335351
firefox,ItemPreviewNameCacheWrite,query,250,10000,252,10000,1,population-hydrate,30,11.819999999948777,13.040000000037253,16.15999999991618,18.619999999995343,13.724666666662475
firefox,ItemPreviews,query,250,10000,294,10000,1,population-hot,30,4.64000000001397,5.440000000060536,7.5799999999580905,19.020000000018626,6.110666666664959
firefox,ItemPreviews,query,250,10000,294,10000,1,population-hydrate,30,15.460000000079162,16.819999999948777,21.180000000051223,22.42000000004191,17.45
firefox,MailAccounts,query,250,10000,252,10000,1,population-hot,30,3.099999999976717,3.7600000000093132,7.739999999990687,15.93999999994412,4.375333333329763
firefox,MailAccounts,query,250,10000,252,10000,1,population-hydrate,30,10.800000000046566,11.760000000009313,14.85999999998603,15.679999999934807,12.141999999996429
firefox,MyActivity,query,250,10000,252,10000,1,population-hot,30,5.5200000000186265,5.900000000023283,8.35999999998603,21.79999999993015,6.678666666670082
firefox,MyActivity,query,250,10000,252,10000,1,population-hydrate,30,14.039999999920838,14.78000000002794,18.899999999906868,20.779999999911524,15.502666666649748
firefox,MyActivityOverview,query,250,10000,2,10000,1,population-hot,30,2.959999999962747,3.540000000037253,4.660000000032596,5.0200000000186265,3.6340000000006207
firefox,MyActivityOverview,query,250,10000,2,10000,1,population-hydrate,30,4.619999999995343,5.380000000004657,7.200000000069849,20.540000000037253,5.979333333352891
firefox,Soup,query,250,10000,1606,10000,1,population-hot,30,50.78000000002794,60.68000000005122,69.67999999993481,70.28000000002794,61.17599999999705
firefox,Soup,query,250,10000,1606,10000,1,population-hydrate,30,103.1600000000326,112.23999999999069,130.9200000000419,134.60000000009313,113.90666666666512
firefox,SoupBackfill,query,250,10000,1816,10000,1,population-hot,30,67.52000000001863,77.23999999999069,93.40000000002328,112.11999999999534,79.15399999999597
firefox,SoupBackfill,query,250,10000,1816,10000,1,population-hydrate,30,131.0800000000745,145.0,157.7399999999907,161.0,146.0860000000141
firefox,SoupMailBackfill,query,250,10000,1606,10000,1,population-hot,30,51.04000000003725,59.9000000001397,70.97999999998137,74.23999999999069,60.22799999999503
firefox,SoupMailBackfill,query,250,10000,1606,10000,1,population-hydrate,30,100.5199999997858,112.93999999994412,126.52000000001863,135.93999999994412,113.5606666666378
firefox,SoupMembership,query,250,10000,252,10000,1,population-hot,30,2.2999999998137355,2.8200000000651926,4.120000000111759,14.120000000111759,3.3520000000096237
firefox,SoupMembership,query,250,10000,252,10000,1,population-hydrate,30,11.159999999916181,12.06000000005588,15.160000000149012,16.0,12.437333333344819
firefox,SoupNotifications,query,250,10000,752,10000,1,population-hot,30,24.239999999990687,28.15999999991618,39.47999999998137,45.34000000008382,29.78666666666977
firefox,SoupNotifications,query,250,10000,752,10000,1,population-hydrate,30,49.579999999841675,53.82000000006519,66.36000000010245,71.42000000015832,55.05466666667102
firefox,SoupSharedMailBackfill,query,250,10000,1606,10000,1,population-hot,30,50.139999999897555,59.639999999897555,74.5,87.73999999999069,60.95933333334979
firefox,SoupSharedMailBackfill,query,250,10000,1606,10000,1,population-hydrate,30,111.11999999987893,118.14000000013039,146.10000000009313,147.5,120.56533333333209
firefox,ChannelListItemFields,fragment,250,10000,897,10000,1,population-hot,30,25.959999999962747,29.65999999991618,37.71999999997206,38.699999999953434,30.68399999999286
firefox,ChannelListItemFields,fragment,250,10000,897,10000,1,population-hydrate,30,57.28000000002794,61.54000000003725,72.63999999989755,73.4000000001397,62.94600000000404
firefox,EmailThreadMessageFields,fragment,250,10000,1253,10000,1,population-hot,30,96.10000000009313,103.9000000001397,114.5,118.02000000001863,104.76266666665518
firefox,EmailThreadMessageFields,fragment,250,10000,1253,10000,1,population-hydrate,30,158.45999999996275,168.10000000009313,180.2399999999907,190.63999999989755,168.6679999999857
firefox,GraphqlChannelQuickAccessFields,fragment,250,10000,252,10000,1,population-hot,30,9.579999999841675,10.840000000083819,13.860000000102445,26.699999999953434,11.764666666672564
firefox,GraphqlChannelQuickAccessFields,fragment,250,10000,252,10000,1,population-hydrate,30,19.71999999997206,21.040000000037253,23.12000000011176,28.65999999991618,21.539999999998447
firefox,GraphqlChatQuickAccessName,fragment,250,10000,252,10000,1,population-hot,30,6.059999999823049,6.540000000037253,9.899999999906868,10.140000000130385,6.905333333330539
firefox,GraphqlChatQuickAccessName,fragment,250,10000,252,10000,1,population-hydrate,30,15.399999999906868,16.87999999988824,24.619999999878928,41.23999999999069,18.125999999985407
firefox,GraphqlCrmCompanyQuickAccessFields,fragment,250,10000,252,10000,1,population-hot,30,8.120000000111759,9.359999999869615,12.120000000111759,22.979999999981374,10.12933333333737
firefox,GraphqlCrmCompanyQuickAccessFields,fragment,250,10000,252,10000,1,population-hydrate,30,16.760000000009313,18.380000000121072,22.179999999934807,26.56000000005588,18.859333333326504
firefox,GraphqlDocumentQuickAccessName,fragment,250,10000,252,10000,1,population-hot,30,7.040000000037253,7.600000000093132,11.239999999990687,15.600000000093132,8.247999999998138
firefox,GraphqlDocumentQuickAccessName,fragment,250,10000,252,10000,1,population-hydrate,30,17.419999999925494,19.079999999841675,24.420000000158325,26.479999999981374,19.752000000001864
firefox,GraphqlProjectQuickAccessName,fragment,250,10000,252,10000,1,population-hot,30,6.3600000001024455,6.959999999962747,9.839999999850988,12.06000000005588,7.514666666664804
firefox,GraphqlProjectQuickAccessName,fragment,250,10000,252,10000,1,population-hydrate,30,15.840000000083819,17.15999999991618,20.83999999985099,23.760000000009313,17.566666666651145
firefox,ItemPreviewFields,fragment,250,10000,252,10000,1,population-hot,30,6.260000000009313,7.739999999990687,10.800000000046566,25.100000000093132,8.296000000004037
firefox,ItemPreviewFields,fragment,250,10000,252,10000,1,population-hydrate,30,14.620000000111759,15.520000000018626,21.360000000102445,23.479999999981374,16.25666666662631
firefox,MailItemFields,fragment,250,10000,1355,10000,1,population-hot,30,52.45999999996275,58.65999999991618,67.86000000010245,69.0800000000745,58.28133333332371
firefox,MailItemFields,fragment,250,10000,1355,10000,1,population-hydrate,30,97.85999999986961,104.43999999994412,116.65999999991618,121.56000000005588,105.3839999999851
firefox,SoupItemFields,fragment,250,10000,1355,10000,1,population-hot,30,49.5,55.95999999996275,61.480000000214204,62.860000000102445,55.93400000000838
firefox,SoupItemFields,fragment,250,10000,1355,10000,1,population-hydrate,30,96.83999999985099,105.4000000001397,112.95999999996275,117.9000000001397,105.43799999998107
firefox,AgentSessionMentions,query,500,10000,544,10000,1,population-hot,30,5.19999999999709,5.599999999998545,7.400000000001455,7.760000000002037,5.888666666666784
firefox,AgentSessionMentions,query,500,10000,544,10000,1,population-hydrate,30,20.899999999997817,22.659999999999854,28.400000000001455,37.81999999999971,23.51733333333299
firefox,ChannelListSoup,query,500,10000,2288,10000,1,population-hot,30,53.06000000000495,58.45999999999913,67.15999999999622,69.20000000000437,59.546666666666724
firefox,ChannelListSoup,query,500,10000,2288,10000,1,population-hydrate,30,121.85999999998603,130.91999999999825,145.72000000000116,160.51999999998952,132.70866666666453
firefox,ChannelUnreadPresence,query,500,10000,586,10000,1,population-hot,30,4.779999999969732,5.14000000001397,5.839999999967404,6.059999999997672,5.259333333330384
firefox,ChannelUnreadPresence,query,500,10000,586,10000,1,population-hydrate,30,21.94000000000233,23.540000000037253,30.48000000003958,33.0800000000163,24.61266666667264
firefox,EmailThreadPage,query,500,10000,3003,10000,1,population-hot,30,213.64000000001397,237.38000000000466,283.3399999999674,323.7600000000093,241.99533333332903
firefox,EmailThreadPage,query,500,10000,3003,10000,1,population-hydrate,30,350.8400000000256,365.71999999997206,428.5,432.88000000000466,375.0833333333353
firefox,EntityActivity,query,500,10000,1502,10000,1,population-hot,30,25.44000000000233,28.34000000002561,32.679999999993015,35.14000000001397,28.579999999996897
firefox,EntityActivity,query,500,10000,1502,10000,1,population-hydrate,30,67.63999999995576,78.07999999995809,93.17999999999302,94.44000000000233,78.59866666666349
firefox,EntityProperties,query,500,10000,1502,10000,1,population-hot,30,26.800000000046566,29.119999999995343,34.679999999993015,36.04000000003725,29.743333333336825
firefox,EntityProperties,query,500,10000,1502,10000,1,population-hydrate,30,73.6600000000326,79.47999999998137,88.4199999999837,93.20000000001164,80.40000000000194
firefox,Favorites,query,500,10000,502,10000,1,population-hot,30,11.14000000001397,13.07999999995809,24.92000000004191,32.60000000009313,14.595333333340628
firefox,Favorites,query,500,10000,502,10000,1,population-hydrate,30,24.660000000032596,26.979999999981374,34.85999999998603,38.98000000009779,28.096666666659683
firefox,GroupSoup,query,500,10000,5426,10000,1,population-hot,30,214.36000000010245,227.14000000001397,269.8399999999674,271.4399999999441,232.24200000000806
firefox,GroupSoup,query,500,10000,5426,10000,1,population-hydrate,30,378.2600000000093,399.29999999993015,419.03999999992084,439.0200000000186,401.4026666666691
firefox,GroupSoupMembership,query,500,10000,1002,10000,1,population-hot,30,12.080000000074506,13.839999999850988,20.459999999962747,23.5,14.651999999994102
firefox,GroupSoupMembership,query,500,10000,1002,10000,1,population-hydrate,30,36.139999999897555,40.4000000001397,47.10000000009313,47.23999999999069,41.34466666666946
firefox,ItemPreview,query,500,10000,502,10000,1,population-hot,30,5.980000000214204,6.739999999990687,9.260000000009313,24.139999999897555,7.487333333329298
firefox,ItemPreview,query,500,10000,502,10000,1,population-hydrate,30,20.639999999897555,22.540000000037253,25.66000000014901,32.800000000046566,22.971333333360963
firefox,ItemPreviewFileTypeCacheWrite,query,500,10000,502,10000,1,population-hot,30,4.179999999934807,4.600000000093132,6.760000000009313,7.320000000065193,5.045333333336748
firefox,ItemPreviewFileTypeCacheWrite,query,500,10000,502,10000,1,population-hydrate,30,18.21999999997206,19.919999999925494,24.239999999990687,24.699999999953434,20.55000000000776
firefox,ItemPreviewNameCacheWrite,query,500,10000,502,10000,1,population-hot,30,5.820000000065193,7.28000000002794,12.860000000102445,12.899999999906868,7.861333333336127
firefox,ItemPreviewNameCacheWrite,query,500,10000,502,10000,1,population-hydrate,30,19.739999999990687,21.540000000037253,24.360000000102445,26.0,21.805999999990064
firefox,ItemPreviews,query,500,10000,586,10000,1,population-hot,30,8.579999999841675,9.760000000009313,16.06000000005588,17.419999999925494,10.735999999994723
firefox,ItemPreviews,query,500,10000,586,10000,1,population-hydrate,30,26.179999999934807,29.020000000018626,37.11999999987893,39.800000000046566,30.474666666658596
firefox,MailAccounts,query,500,10000,502,10000,1,population-hot,30,5.920000000158325,6.540000000037253,10.71999999997206,22.239999999990687,7.523999999991308
firefox,MailAccounts,query,500,10000,502,10000,1,population-hydrate,30,20.699999999953434,21.860000000102445,25.06000000005588,26.520000000018626,22.53200000000652
firefox,MyActivity,query,500,10000,502,10000,1,population-hot,30,10.319999999832362,12.459999999962747,18.5999999998603,22.71999999997206,13.251333333326814
firefox,MyActivity,query,500,10000,502,10000,1,population-hydrate,30,25.639999999897555,28.43999999994412,34.23999999999069,35.26000000000931,28.96333333333023
firefox,MyActivityOverview,query,500,10000,2,10000,1,population-hot,30,5.28000000002794,5.78000000002794,8.260000000009313,16.06000000005588,6.371333333337679
firefox,MyActivityOverview,query,500,10000,2,10000,1,population-hydrate,30,7.619999999878928,8.479999999981374,11.900000000139698,14.099999999860302,9.123999999991307
firefox,Soup,query,500,10000,3204,10000,1,population-hot,30,109.33999999985099,126.45999999996275,162.5,198.339999999851,128.3513333333346
firefox,Soup,query,500,10000,3204,10000,1,population-hydrate,30,199.64000000013039,212.4000000001397,237.56000000005588,243.97999999998137,215.35133333334232
firefox,SoupBackfill,query,500,10000,3614,10000,1,population-hot,30,148.06000000005588,159.04000000003725,193.12000000011176,196.660000000149,161.69666666666356
firefox,SoupBackfill,query,500,10000,3614,10000,1,population-hydrate,30,269.4399999999441,282.5600000000559,319.62000000011176,322.60000000009313,284.78933333332344
firefox,SoupMailBackfill,query,500,10000,3204,10000,1,population-hot,30,111.36000000010245,125.37999999988824,175.1799999999348,185.47999999998137,131.18200000000652
firefox,SoupMailBackfill,query,500,10000,3204,10000,1,population-hydrate,30,202.6799999999348,213.78000000002794,230.0800000000745,253.36000000010245,216.0693333333591
firefox,SoupMembership,query,500,10000,502,10000,1,population-hot,30,4.320000000298023,4.839999999850988,6.300000000279397,6.5,5.045333333328988
firefox,SoupMembership,query,500,10000,502,10000,1,population-hydrate,30,18.739999999757856,20.21999999973923,25.700000000186265,26.860000000335276,20.85199999997082
firefox,SoupNotifications,query,500,10000,1502,10000,1,population-hot,30,49.95999999996275,57.72000000020489,73.63999999966472,97.82000000029802,59.89133333334079
firefox,SoupNotifications,query,500,10000,1502,10000,1,population-hydrate,30,96.16000000014901,105.25999999977648,114.9199999999255,121.43999999994412,105.75400000003476
firefox,SoupSharedMailBackfill,query,500,10000,3204,10000,1,population-hot,30,117.33999999985099,124.0,171.24000000022352,200.7799999997951,128.53466666665238
firefox,SoupSharedMailBackfill,query,500,10000,3204,10000,1,population-hydrate,30,215.64000000013039,231.12000000011176,245.64000000013039,261.23999999975786,231.05066666669833
firefox,ChannelListItemFields,fragment,500,10000,1796,10000,1,population-hot,30,51.59999999962747,60.44000000040978,70.74000000022352,75.4199999999255,61.106000000021105
firefox,ChannelListItemFields,fragment,500,10000,1796,10000,1,population-hydrate,30,110.9199999999255,120.0800000000745,131.45999999996275,139.9199999999255,121.91200000002671
firefox,EmailThreadMessageFields,fragment,500,10000,2503,10000,1,population-hot,30,211.87999999988824,230.06000000005588,256.70000000018626,268.0,233.88266666666604
firefox,EmailThreadMessageFields,fragment,500,10000,2503,10000,1,population-hydrate,30,331.1999999997206,353.15999999968335,376.320000000298,380.37999999988824,353.6006666665897
firefox,GraphqlChannelQuickAccessFields,fragment,500,10000,502,10000,1,population-hot,30,19.5,22.540000000037253,30.56000000005588,39.62000000011176,24.07600000000869
firefox,GraphqlChannelQuickAccessFields,fragment,500,10000,502,10000,1,population-hydrate,30,38.420000000391155,42.84000000031665,50.37999999988824,58.74000000022352,43.725333333325885
firefox,GraphqlChatQuickAccessName,fragment,500,10000,502,10000,1,population-hot,30,12.979999999981374,15.100000000093132,19.959999999962747,32.700000000186265,15.773999999991307
firefox,GraphqlChatQuickAccessName,fragment,500,10000,502,10000,1,population-hydrate,30,29.06000000005588,31.399999999906868,37.859999999869615,38.700000000186265,32.34600000002732
firefox,GraphqlCrmCompanyQuickAccessFields,fragment,500,10000,502,10000,1,population-hot,30,16.21999999973923,18.37999999988824,31.56000000005588,33.239999999757856,19.538666666687156
firefox,GraphqlCrmCompanyQuickAccessFields,fragment,500,10000,502,10000,1,population-hydrate,30,33.93999999994412,36.639999999664724,40.54000000003725,45.45999999996275,37.0666666666201
firefox,GraphqlDocumentQuickAccessName,fragment,500,10000,502,10000,1,population-hot,30,15.320000000298023,16.440000000409782,22.71999999973923,24.380000000353903,17.614666666664807
firefox,GraphqlDocumentQuickAccessName,fragment,500,10000,502,10000,1,population-hydrate,30,33.21999999973923,35.37999999988824,45.47999999998137,47.97999999998137,36.60733333330912
firefox,GraphqlProjectQuickAccessName,fragment,500,10000,502,10000,1,population-hot,30,13.120000000111759,14.34000000031665,18.020000000018626,18.27999999979511,14.780666666679705
firefox,GraphqlProjectQuickAccessName,fragment,500,10000,502,10000,1,population-hydrate,30,29.62000000011176,33.84000000031665,39.200000000186265,40.74000000022352,33.88466666672999
firefox,ItemPreviewFields,fragment,500,10000,502,10000,1,population-hot,30,12.259999999776483,13.459999999962747,18.459999999962747,30.080000000074506,14.953999999988204
firefox,ItemPreviewFields,fragment,500,10000,502,10000,1,population-hydrate,30,28.100000000093132,30.72000000020489,43.200000000186265,43.700000000186265,32.18466666666791
firefox,MailItemFields,fragment,500,10000,2712,10000,1,population-hot,30,111.33999999985099,119.29999999981374,154.25999999977648,174.59999999962747,122.03133333333146
firefox,MailItemFields,fragment,500,10000,2712,10000,1,population-hydrate,30,196.5800000000745,213.39999999990687,241.660000000149,242.0800000000745,214.96133333332835
firefox,SoupItemFields,fragment,500,10000,2712,10000,1,population-hot,30,106.37999999988824,118.52000000001863,132.7799999997951,181.43999999994412,120.43666666666977
firefox,SoupItemFields,fragment,500,10000,2712,10000,1,population-hydrate,30,200.4199999999255,212.2799999997951,234.63999999966472,258.3599999998696,215.83399999995405
