suite,host,run,cpu_affinity,samples,warmup,variants,operation,size,scenario,before_p50_us,after_p50_us,before_p95_us,after_p95_us,speedup
disk,core,repeat-disk-core-AgentSessionMentions,0-3,100,20,8,AgentSessionMentions,1,hot,5.959,3.506,6.99,3.5949999999999998,1.699657729606389
disk,core,repeat-disk-core-AgentSessionMentions,0-3,100,20,8,AgentSessionMentions,1,hot-registered,5.218,3.5549999999999997,7.461,3.636,1.4677918424753869
disk,core,repeat-disk-core-AgentSessionMentions,0-3,100,20,8,AgentSessionMentions,1,hot-json,7.121,5.508,7.271,7.672000000000001,1.2928467683369644
disk,core,repeat-disk-core-AgentSessionMentions,0-3,100,20,8,AgentSessionMentions,1,hot-resolvers,9.443999999999999,4.377,10.366,4.797,2.157642220699109
disk,core,repeat-disk-core-AgentSessionMentions,0-3,100,20,8,AgentSessionMentions,1,unchanged-write,18.006999999999998,18.006999999999998,26.049,24.707,1.0
disk,core,repeat-disk-core-AgentSessionMentions,0-3,100,20,8,AgentSessionMentions,1,cold-engine,115.59400000000001,140.66099999999997,190.065,233.039,0.821791399179588
disk,core,repeat-disk-core-AgentSessionMentions,0-3,100,20,8,AgentSessionMentions,1,capacity-16,5.288,5.028,7.4510000000000005,5.228,1.0517104216388227
disk,core,repeat-disk-core-AgentSessionMentions,0-3,100,20,8,AgentSessionMentions,1,miss,12.529,10.786,17.777,11.027,1.1615983682551456
disk,core,repeat-disk-core-AgentSessionMentions,0-3,100,20,8,AgentSessionMentions,1,variants-8,6.159,4.857,6.26,5.118,1.2680667078443482
disk,core,repeat-disk-core-Favorites,0-3,100,20,8,Favorites,50,hot,116.365,121.513,127.91199999999999,133.5,0.9576341625998863
disk,core,repeat-disk-core-Favorites,0-3,100,20,8,Favorites,50,hot-registered,126.10900000000001,92.889,138.108,124.31599999999999,1.3576311511589103
disk,core,repeat-disk-core-Favorites,0-3,100,20,8,Favorites,50,hot-json,174.312,143.76600000000002,189.244,155.062,1.2124702641792913
disk,core,repeat-disk-core-Favorites,0-3,100,20,8,Favorites,50,hot-resolvers,127.54199999999999,132.078,141.612,143.39600000000002,0.9656566574297005
disk,core,repeat-disk-core-Favorites,0-3,100,20,8,Favorites,50,unchanged-write,181.632,177.987,276.575,191.968,1.0204790237489256
disk,core,repeat-disk-core-Favorites,0-3,100,20,8,Favorites,50,cold-engine,440.491,365.138,599.7189999999999,514.983,1.2063685510683633
disk,core,repeat-disk-core-Favorites,0-3,100,20,8,Favorites,50,capacity-16,398.748,292.279,563.845,390.506,1.3642718087854413
disk,core,repeat-disk-core-Favorites,0-3,100,20,8,Favorites,50,miss,11.155999999999999,11.197,11.347,16.415000000000003,0.996338304903099
disk,core,repeat-disk-core-Favorites,0-3,100,20,8,Favorites,50,variants-8,142.15300000000002,92.599,205.097,107.30099999999999,1.5351461678851825
disk,core,repeat-disk-core-GroupSoupMembership,0-3,100,20,8,GroupSoupMembership,50,hot,117.326,83.735,141.02200000000002,94.55199999999999,1.401158416432794
disk,core,repeat-disk-core-GroupSoupMembership,0-3,100,20,8,GroupSoupMembership,50,hot-registered,139.679,84.94800000000001,180.191,112.438,1.644288270471347
disk,core,repeat-disk-core-GroupSoupMembership,0-3,100,20,8,GroupSoupMembership,50,hot-json,183.61599999999999,128.543,231.067,139.92000000000002,1.4284402884637823
disk,core,repeat-disk-core-GroupSoupMembership,0-3,100,20,8,GroupSoupMembership,50,hot-resolvers,140.731,84.767,192.479,114.482,1.6602097514362901
disk,core,repeat-disk-core-GroupSoupMembership,0-3,100,20,8,GroupSoupMembership,50,unchanged-write,194.40200000000002,187.471,314.011,238.888,1.0369710515226356
disk,core,repeat-disk-core-GroupSoupMembership,0-3,100,20,8,GroupSoupMembership,50,cold-engine,611.437,543.0949999999999,855.764,642.454,1.12583802097239
disk,core,repeat-disk-core-GroupSoupMembership,0-3,100,20,8,GroupSoupMembership,50,capacity-16,561.322,472.008,768.853,722.724,1.1892213691293367
disk,core,repeat-disk-core-GroupSoupMembership,0-3,100,20,8,GroupSoupMembership,50,miss,11.327,10.736,11.517,16.275,1.055048435171386
disk,core,repeat-disk-core-GroupSoupMembership,0-3,100,20,8,GroupSoupMembership,50,variants-8,331.457,83.22500000000001,413.82,125.65899999999999,3.9826614598978667
disk,core,repeat-disk-core-ItemPreview,0-3,100,20,8,ItemPreview,1,hot,3.005,2.383,3.1039999999999996,2.4339999999999997,1.2610155266470835
disk,core,repeat-disk-core-ItemPreview,0-3,100,20,8,ItemPreview,1,hot-registered,3.445,2.433,3.525,2.483,1.415947390053432
disk,core,repeat-disk-core-ItemPreview,0-3,100,20,8,ItemPreview,1,hot-json,4.327,3.375,4.417,3.445,1.2820740740740741
disk,core,repeat-disk-core-ItemPreview,0-3,100,20,8,ItemPreview,1,hot-resolvers,4.587000000000001,3.035,4.6770000000000005,3.085,1.511367380560132
disk,core,repeat-disk-core-ItemPreview,0-3,100,20,8,ItemPreview,1,unchanged-write,15.322999999999999,14.932,15.724,15.112,1.0261853736940798
disk,core,repeat-disk-core-ItemPreview,0-3,100,20,8,ItemPreview,1,cold-engine,119.94,116.965,132.498,136.42499999999998,1.0254349591758218
disk,core,repeat-disk-core-ItemPreview,0-3,100,20,8,ItemPreview,1,capacity-16,5.178,2.3539999999999996,5.298,2.423,2.1996601529311812
disk,core,repeat-disk-core-ItemPreview,0-3,100,20,8,ItemPreview,1,miss,10.706000000000001,11.056000000000001,10.866999999999999,14.112,0.968342981186686
disk,core,repeat-disk-core-ItemPreview,0-3,100,20,8,ItemPreview,1,variants-8,4.417,2.424,4.505999999999999,2.464,1.8221947194719472
disk,core,repeat-disk-core-ItemPreview,0-3,100,20,8,ItemPreviewFileTypeCacheWrite,1,hot,2.393,1.843,2.464,1.933,1.2984264785675528
disk,core,repeat-disk-core-ItemPreview,0-3,100,20,8,ItemPreviewFileTypeCacheWrite,1,hot-registered,2.8049999999999997,1.872,2.884,1.923,1.4983974358974357
disk,core,repeat-disk-core-ItemPreview,0-3,100,20,8,ItemPreviewFileTypeCacheWrite,1,hot-json,5.548,2.754,6.0889999999999995,2.814,2.0145243282498186
disk,core,repeat-disk-core-ItemPreview,0-3,100,20,8,ItemPreviewFileTypeCacheWrite,1,hot-resolvers,6.049,2.484,6.499,2.554,2.4351851851851856
disk,core,repeat-disk-core-ItemPreview,0-3,100,20,8,ItemPreviewFileTypeCacheWrite,1,unchanged-write,14.702,14.481000000000002,21.362,14.792,1.015261376976728
disk,core,repeat-disk-core-ItemPreview,0-3,100,20,8,ItemPreviewFileTypeCacheWrite,1,cold-engine,98.978,84.687,159.82999999999998,107.101,1.168750811812911
disk,core,repeat-disk-core-ItemPreview,0-3,100,20,8,ItemPreviewFileTypeCacheWrite,1,capacity-16,2.854,2.564,4.176,2.705,1.1131045241809672
disk,core,repeat-disk-core-ItemPreview,0-3,100,20,8,ItemPreviewFileTypeCacheWrite,1,miss,11.247,10.716000000000001,15.113000000000001,15.583,1.049552071668533
disk,core,repeat-disk-core-ItemPreview,0-3,100,20,8,ItemPreviewFileTypeCacheWrite,1,variants-8,3.735,1.9420000000000002,3.8360000000000003,3.125,1.9232749742533468
disk,core,repeat-disk-core-ItemPreview,0-3,100,20,8,ItemPreviewNameCacheWrite,1,hot,2.894,2.244,2.9739999999999998,2.3240000000000003,1.2896613190730837
disk,core,repeat-disk-core-ItemPreview,0-3,100,20,8,ItemPreviewNameCacheWrite,1,hot-registered,3.315,2.304,3.3850000000000002,2.383,1.4388020833333335
disk,core,repeat-disk-core-ItemPreview,0-3,100,20,8,ItemPreviewNameCacheWrite,1,hot-json,4.216,4.968,4.3069999999999995,5.369,0.8486312399355878
disk,core,repeat-disk-core-ItemPreview,0-3,100,20,8,ItemPreviewNameCacheWrite,1,hot-resolvers,4.387,3.345,4.526000000000001,4.787,1.3115097159940208
disk,core,repeat-disk-core-ItemPreview,0-3,100,20,8,ItemPreviewNameCacheWrite,1,unchanged-write,15.202,22.564,15.404,23.755,0.6737280624002836
disk,core,repeat-disk-core-ItemPreview,0-3,100,20,8,ItemPreviewNameCacheWrite,1,cold-engine,104.056,101.812,120.34100000000001,139.64000000000001,1.0220406238950221
disk,core,repeat-disk-core-ItemPreview,0-3,100,20,8,ItemPreviewNameCacheWrite,1,capacity-16,3.335,2.313,3.395,2.3640000000000003,1.441850410722006
disk,core,repeat-disk-core-ItemPreview,0-3,100,20,8,ItemPreviewNameCacheWrite,1,miss,11.317,11.046999999999999,11.677,11.237,1.0244410247125917
disk,core,repeat-disk-core-ItemPreview,0-3,100,20,8,ItemPreviewNameCacheWrite,1,variants-8,4.2459999999999996,2.314,4.3069999999999995,2.374,1.8349178910976662
disk,core,repeat-disk-core-ItemPreview,0-3,100,20,8,ItemPreviews,1,hot,4.006,2.544,4.096,2.614,1.574685534591195
disk,core,repeat-disk-core-ItemPreview,0-3,100,20,8,ItemPreviews,1,hot-registered,4.517,2.614,4.597,2.684,1.7280030604437646
disk,core,repeat-disk-core-ItemPreview,0-3,100,20,8,ItemPreviews,1,hot-json,5.579000000000001,3.606,5.688,3.735,1.5471436494731006
disk,core,repeat-disk-core-ItemPreview,0-3,100,20,8,ItemPreviews,1,hot-resolvers,5.148,3.235,5.198,3.315,1.5913446676970633
disk,core,repeat-disk-core-ItemPreview,0-3,100,20,8,ItemPreviews,1,unchanged-write,15.733999999999998,15.062999999999999,15.934000000000001,15.492999999999999,1.0445462391289915
disk,core,repeat-disk-core-ItemPreview,0-3,100,20,8,ItemPreviews,1,cold-engine,175.383,170.346,271.637,198.187,1.0295692296854637
disk,core,repeat-disk-core-ItemPreview,0-3,100,20,8,ItemPreviews,1,capacity-16,4.507000000000001,2.604,4.587000000000001,2.684,1.730798771121352
disk,core,repeat-disk-core-ItemPreview,0-3,100,20,8,ItemPreviews,1,miss,11.678,11.027,11.837,11.197,1.0590369094041898
disk,core,repeat-disk-core-ItemPreview,0-3,100,20,8,ItemPreviews,1,variants-8,5.899,3.705,6.1290000000000004,3.866,1.5921727395411607
disk,core,repeat-disk-core-ItemPreview,0-3,100,20,8,ItemPreviewFields,1,records-hot,1.963,1.1620000000000001,2.013,1.221,1.6893287435456108
disk,core,repeat-disk-core-ItemPreview,0-3,100,20,8,ItemPreviewFields,1,records-parse,37.206,36.303999999999995,50.525,49.364,1.0248457470251213
disk,core,repeat-disk-core-MyActivity,0-3,100,20,8,MyActivity,1,hot,4.106,3.225,4.196,3.3249999999999997,1.2731782945736434
disk,core,repeat-disk-core-MyActivity,0-3,100,20,8,MyActivity,1,hot-registered,4.527,3.275,4.597,3.345,1.3822900763358779
disk,core,repeat-disk-core-MyActivity,0-3,100,20,8,MyActivity,1,hot-json,6.319999999999999,4.797,6.569999999999999,4.877,1.3174900979779027
disk,core,repeat-disk-core-MyActivity,0-3,100,20,8,MyActivity,1,hot-resolvers,6.219,4.076,6.3500000000000005,4.126,1.5257605495583908
disk,core,repeat-disk-core-MyActivity,0-3,100,20,8,MyActivity,1,unchanged-write,16.895,16.765,17.195,24.326,1.00775424992544
disk,core,repeat-disk-core-MyActivity,0-3,100,20,8,MyActivity,1,cold-engine,114.452,116.01400000000001,179.59,172.929,0.9865361077111382
disk,core,repeat-disk-core-MyActivity,0-3,100,20,8,MyActivity,1,capacity-16,4.547,3.3649999999999998,4.627,4.9479999999999995,1.3512630014858842
disk,core,repeat-disk-core-MyActivity,0-3,100,20,8,MyActivity,1,miss,11.417,11.145999999999999,11.588,11.397,1.0243136551229142
disk,core,repeat-disk-core-MyActivity,0-3,100,20,8,MyActivity,1,variants-8,5.769,3.265,6.019,3.335,1.7669218989280244
disk,core,repeat-disk-core-MyActivity,0-3,100,20,8,MyActivityOverview,1,hot,5.849,2.964,5.989,3.9960000000000004,1.9733468286099867
disk,core,repeat-disk-core-MyActivity,0-3,100,20,8,MyActivityOverview,1,hot-registered,5.979,3.105,6.3790000000000004,4.196,1.9256038647342995
disk,core,repeat-disk-core-MyActivity,0-3,100,20,8,MyActivityOverview,1,hot-json,6.16,6.78,8.894,7.191,0.9085545722713865
disk,core,repeat-disk-core-MyActivity,0-3,100,20,8,MyActivityOverview,1,hot-resolvers,5.628,3.665,5.7490000000000006,3.8360000000000003,1.5356070941336972
disk,core,repeat-disk-core-MyActivity,0-3,100,20,8,MyActivityOverview,1,unchanged-write,16.015,15.894,23.174,19.75,1.007612935699006
disk,core,repeat-disk-core-MyActivity,0-3,100,20,8,MyActivityOverview,1,cold-engine,79.239,78.30699999999999,116.224,94.872,1.0119018733957375
disk,core,repeat-disk-core-MyActivity,0-3,100,20,8,MyActivityOverview,1,capacity-16,4.317,3.035,5.7780000000000005,3.095,1.4224052718286655
disk,core,repeat-disk-core-MyActivity,0-3,100,20,8,MyActivityOverview,1,miss,11.407,10.485999999999999,14.622,14.252,1.0878313942399391
disk,core,repeat-disk-core-SoupSharedMailBackfill,0-3,100,20,8,SoupSharedMailBackfill,50,hot,2342.143,1357.6370000000002,2734.893,1875.374,1.7251614385877814
disk,core,repeat-disk-core-SoupSharedMailBackfill,0-3,100,20,8,SoupSharedMailBackfill,50,hot-registered,1952.589,1361.232,2490.246,1608.944,1.434427783067104
disk,core,repeat-disk-core-SoupSharedMailBackfill,0-3,100,20,8,SoupSharedMailBackfill,50,hot-json,2840.471,2167.1809999999996,3539.0389999999998,2479.009,1.3106754811896193
disk,core,repeat-disk-core-SoupSharedMailBackfill,0-3,100,20,8,SoupSharedMailBackfill,50,hot-resolvers,1899.319,1383.275,2396.465,1678.748,1.3730595868500477
disk,core,repeat-disk-core-SoupSharedMailBackfill,0-3,100,20,8,SoupSharedMailBackfill,50,unchanged-write,2308.373,2241.3720000000003,3261.823,2870.375,1.029892851342838
disk,core,repeat-disk-core-SoupSharedMailBackfill,0-3,100,20,8,SoupSharedMailBackfill,50,cold-engine,5338.698,4431.277,7146.26,5229.695000000001,1.2047764109533212
disk,core,repeat-disk-core-SoupSharedMailBackfill,0-3,100,20,8,SoupSharedMailBackfill,50,capacity-16,4584.367,3694.0409999999997,5451.758,4413.07,1.2410168160017716
disk,core,repeat-disk-core-SoupSharedMailBackfill,0-3,100,20,8,SoupSharedMailBackfill,50,miss,13.751,11.157,18.528,11.366999999999999,1.232499775925428
disk,core,repeat-disk-core-SoupSharedMailBackfill,0-3,100,20,8,SoupSharedMailBackfill,50,variants-8,1914.5620000000001,1410.2050000000002,2072.249,1624.407,1.357648001531692
large,core,repeat-large-core-AgentSessionMentions,0-3,100,20,8,AgentSessionMentions,250,hot,224.647,243.846,333.56,265.24699999999996,0.921265880924846
large,core,repeat-large-core-AgentSessionMentions,0-3,100,20,8,AgentSessionMentions,250,hot-registered,271.31699999999995,168.994,353.501,186.109,1.605483034900647
large,core,repeat-large-core-AgentSessionMentions,0-3,100,20,8,AgentSessionMentions,250,hot-json,357.346,247.051,517.0450000000001,264.828,1.4464462803226865
large,core,repeat-large-core-AgentSessionMentions,0-3,100,20,8,AgentSessionMentions,250,hot-resolvers,273.31,169.474,354.18100000000004,181.161,1.6126957527408334
large,core,repeat-large-core-AgentSessionMentions,0-3,100,20,8,AgentSessionMentions,250,unchanged-write,476.074,419.94,660.671,440.51000000000005,1.1336714768776492
large,core,repeat-large-core-AgentSessionMentions,0-3,100,20,8,AgentSessionMentions,250,cold-engine,1498.098,1351.778,1790.145,1971.768,1.1082426256382334
large,core,repeat-large-core-AgentSessionMentions,0-3,100,20,8,AgentSessionMentions,250,capacity-16,1438.738,1240.281,1975.3729999999998,1854.672,1.1600097074775797
large,core,repeat-large-core-AgentSessionMentions,0-3,100,20,8,AgentSessionMentions,250,miss,11.016,11.117,11.206999999999999,15.573000000000002,0.9909148151479715
large,core,repeat-large-core-AgentSessionMentions,0-3,100,20,8,AgentSessionMentions,250,variants-8,339.449,180.861,354.752,276.725,1.876850177760822
large,tauri,repeat-large-tauri-SoupMailBackfill,0-3,100,20,8,SoupMailBackfill,250,hot,12117.156,9518.217,14968.884,12343.766000000001,1.2730489334294437
large,tauri,repeat-large-tauri-SoupMailBackfill,0-3,100,20,8,SoupMailBackfill,250,hot-registered,13620.592,9792.389000000001,20403.858,12050.096,1.3909365732917676
large,tauri,repeat-large-tauri-SoupMailBackfill,0-3,100,20,8,SoupMailBackfill,250,hot-json,13028.494,10546.451000000001,16211.878999999999,13163.606,1.23534390858119
large,tauri,repeat-large-tauri-SoupMailBackfill,0-3,100,20,8,SoupMailBackfill,250,hot-resolvers,12445.68,10005.349,16238.108000000002,15029.974999999999,1.243902636479747
large,tauri,repeat-large-tauri-SoupMailBackfill,0-3,100,20,8,SoupMailBackfill,250,ipc-json-codec,13342.675,10849.173999999999,17614.053,13722.804,1.2298332573521267
large,tauri,repeat-large-tauri-SoupMailBackfill,0-3,100,20,8,SoupMailBackfill,250,concurrent-8-total,103408.54100000001,69736.88799999999,119238.041,84410.19900000001,1.4828384799734686
large,tauri,repeat-large-tauri-SoupMailBackfill,0-3,100,20,8,SoupMailBackfill,250,variants-8,12003.355,9865.307999999999,13766.240000000002,12322.895,1.2167237961551733
large,tauri,repeat-large-tauri-SoupSharedMailBackfill,0-3,100,20,8,SoupSharedMailBackfill,250,hot,12377.726999999999,10679.36,16023.095000000001,17286.48,1.1590326573877086
large,tauri,repeat-large-tauri-SoupSharedMailBackfill,0-3,100,20,8,SoupSharedMailBackfill,250,hot-registered,13506.69,9510.346,15804.167000000001,12527.041,1.4202101584947595
large,tauri,repeat-large-tauri-SoupSharedMailBackfill,0-3,100,20,8,SoupSharedMailBackfill,250,hot-json,14647.511999999999,9628.592999999999,18050.607,12532.399,1.5212515473444563
large,tauri,repeat-large-tauri-SoupSharedMailBackfill,0-3,100,20,8,SoupSharedMailBackfill,250,hot-resolvers,14930.096,9587.422,21212.539999999997,12442.515,1.5572586666154884
large,tauri,repeat-large-tauri-SoupSharedMailBackfill,0-3,100,20,8,SoupSharedMailBackfill,250,ipc-json-codec,15481.052,10032.84,19407.252,15365.299,1.5430378636557545
large,tauri,repeat-large-tauri-SoupSharedMailBackfill,0-3,100,20,8,SoupSharedMailBackfill,250,concurrent-8-total,103894.636,72334.364,127738.02100000001,87620.554,1.4363109074961935
large,tauri,repeat-large-tauri-SoupSharedMailBackfill,0-3,100,20,8,SoupSharedMailBackfill,250,variants-8,13937.777,11278.038,17736.274999999998,13745.548999999999,1.235833484512111
standard,core,repeat-singlecpu-1,0,300,50,1,ItemPreviewNameCacheWrite,1,hot,4.096,2.2230000000000003,4.335999999999999,2.2929999999999997,1.8425551057130003
standard,core,repeat-singlecpu-1,0,300,50,1,ItemPreviewNameCacheWrite,1,hot-registered,3.425,2.343,5.078,3.2849999999999997,1.4618011096884336
standard,core,repeat-singlecpu-1,0,300,50,1,ItemPreviewNameCacheWrite,1,hot-json,6.039,3.225,6.3999999999999995,3.3249999999999997,1.8725581395348836
standard,core,repeat-singlecpu-1,0,300,50,1,ItemPreviewNameCacheWrite,1,hot-resolvers,4.697,3.0340000000000003,6.79,3.085,1.5481212920237308
standard,core,repeat-singlecpu-1,0,300,50,1,ItemPreviewNameCacheWrite,1,unchanged-write,15.322999999999999,15.153,21.872999999999998,15.383000000000001,1.011218900547746
standard,core,repeat-singlecpu-1,0,300,50,1,ItemPreviewNameCacheWrite,1,cold-engine,107.471,101.872,168.913,143.886,1.0549611276896498
standard,core,repeat-singlecpu-1,0,300,50,1,ItemPreviewNameCacheWrite,1,capacity-16,3.295,2.283,3.375,3.375,1.443276390713973
standard,core,repeat-singlecpu-1,0,300,50,1,ItemPreviewNameCacheWrite,1,miss,11.287,10.555,16.044,10.706999999999999,1.0693510184746566
standard,core,repeat-singlecpu-1,0,300,50,1,ItemPreviewNameCacheWrite,1,variants-1,3.305,2.2840000000000003,4.646999999999999,3.355,1.4470227670753064
standard,core,repeat-singlecpu-2,0,300,50,1,ItemPreviewNameCacheWrite,1,hot,2.914,2.243,2.965,2.323,1.299152920196166
standard,core,repeat-singlecpu-2,0,300,50,1,ItemPreviewNameCacheWrite,1,hot-registered,3.315,2.9739999999999998,3.3649999999999998,3.355,1.1146603900470746
standard,core,repeat-singlecpu-2,0,300,50,1,ItemPreviewNameCacheWrite,1,hot-json,4.276,3.235,4.377,3.3249999999999997,1.3217928902627512
standard,core,repeat-singlecpu-2,0,300,50,1,ItemPreviewNameCacheWrite,1,hot-resolvers,4.447,3.055,4.566999999999999,3.125,1.455646481178396
standard,core,repeat-singlecpu-2,0,300,50,1,ItemPreviewNameCacheWrite,1,unchanged-write,15.022,14.993,15.273000000000001,21.331999999999997,1.001934235976789
standard,core,repeat-singlecpu-2,0,300,50,1,ItemPreviewNameCacheWrite,1,cold-engine,104.63600000000001,102.694,149.715,145.067,1.0189105497886928
standard,core,repeat-singlecpu-2,0,300,50,1,ItemPreviewNameCacheWrite,1,capacity-16,3.295,2.304,3.3560000000000003,2.3640000000000003,1.430121527777778
standard,core,repeat-singlecpu-2,0,300,50,1,ItemPreviewNameCacheWrite,1,miss,11.307,10.336,15.383000000000001,10.546000000000001,1.0939434984520124
standard,core,repeat-singlecpu-2,0,300,50,1,ItemPreviewNameCacheWrite,1,variants-1,3.295,2.283,4.446000000000001,3.1540000000000004,1.443276390713973
standard,core,repeat-singlecpu-3,0,300,50,1,ItemPreviewNameCacheWrite,1,hot,2.874,2.273,2.9739999999999998,2.3939999999999997,1.264408271007479
standard,core,repeat-singlecpu-3,0,300,50,1,ItemPreviewNameCacheWrite,1,hot-registered,3.305,2.3240000000000003,4.757000000000001,2.4040000000000004,1.422117039586919
standard,core,repeat-singlecpu-3,0,300,50,1,ItemPreviewNameCacheWrite,1,hot-json,4.217,3.2449999999999997,4.297,3.315,1.2995377503852081
standard,core,repeat-singlecpu-3,0,300,50,1,ItemPreviewNameCacheWrite,1,hot-resolvers,4.476999999999999,3.075,4.5569999999999995,4.617,1.4559349593495932
standard,core,repeat-singlecpu-3,0,300,50,1,ItemPreviewNameCacheWrite,1,unchanged-write,15.613000000000001,15.454,22.334,22.073,1.0102885984211207
standard,core,repeat-singlecpu-3,0,300,50,1,ItemPreviewNameCacheWrite,1,cold-engine,106.109,102.824,148.59300000000002,153.811,1.031947794289271
standard,core,repeat-singlecpu-3,0,300,50,1,ItemPreviewNameCacheWrite,1,capacity-16,4.827,3.455,4.977,3.706,1.3971056439942113
standard,core,repeat-singlecpu-3,0,300,50,1,ItemPreviewNameCacheWrite,1,miss,11.557,11.137,15.733999999999998,11.327,1.0377121307353865
standard,core,repeat-singlecpu-3,0,300,50,1,ItemPreviewNameCacheWrite,1,variants-1,3.275,2.304,4.646999999999999,3.395,1.4214409722222223
standard,core,repeat-standard-core-ChannelListSoup,0-3,100,20,8,ChannelListSoup,1,hot,19.329,12.018,20.241000000000003,12.709,1.6083374937593609
standard,core,repeat-standard-core-ChannelListSoup,0-3,100,20,8,ChannelListSoup,1,hot-registered,20.261000000000003,12.088000000000001,22.574,12.177999999999999,1.6761250827266712
standard,core,repeat-standard-core-ChannelListSoup,0-3,100,20,8,ChannelListSoup,1,hot-json,33.349999999999994,17.817,38.788000000000004,18.157,1.8718078239883253
standard,core,repeat-standard-core-ChannelListSoup,0-3,100,20,8,ChannelListSoup,1,hot-resolvers,28.933,13.891,29.765,14.031,2.0828594053703835
standard,core,repeat-standard-core-ChannelListSoup,0-3,100,20,8,ChannelListSoup,1,unchanged-write,49.965,32.379000000000005,51.397000000000006,47.801,1.5431298063559713
standard,core,repeat-standard-core-ChannelListSoup,0-3,100,20,8,ChannelListSoup,1,cold-engine,662.253,656.855,984.757,890.946,1.0082179476444573
standard,core,repeat-standard-core-ChannelListSoup,0-3,100,20,8,ChannelListSoup,1,capacity-16,20.701,12.278,24.918,16.133999999999997,1.6860237823749795
standard,core,repeat-standard-core-ChannelListSoup,0-3,100,20,8,ChannelListSoup,1,miss,11.608,10.485000000000001,11.858,11.216000000000001,1.107105388650453
standard,core,repeat-standard-core-ChannelListSoup,0-3,100,20,8,ChannelListSoup,1,variants-8,23.675,12.218,30.466,12.359,1.9377148469471273
standard,core,repeat-standard-core-ChannelListSoup,0-3,100,20,8,ChannelListSoup,50,hot,832.7189999999999,657.6569999999999,1147.4409999999998,818.939,1.2661904305739922
standard,core,repeat-standard-core-ChannelListSoup,0-3,100,20,8,ChannelListSoup,50,hot-registered,910.646,676.645,1162.514,909.224,1.3458253589400646
standard,core,repeat-standard-core-ChannelListSoup,0-3,100,20,8,ChannelListSoup,50,hot-json,1326.781,1009.8749999999999,1807.6609999999998,1378.167,1.313807154350786
standard,core,repeat-standard-core-ChannelListSoup,0-3,100,20,8,ChannelListSoup,50,hot-resolvers,900.16,654.622,1338.047,820.3499999999999,1.3750836360525616
standard,core,repeat-standard-core-ChannelListSoup,0-3,100,20,8,ChannelListSoup,50,unchanged-write,1331.6779999999999,1203.6760000000002,1868.153,1697.206,1.106342570592086
standard,core,repeat-standard-core-ChannelListSoup,0-3,100,20,8,ChannelListSoup,50,cold-engine,3099.189,2671.647,3914.933,3103.716,1.1600293751382573
standard,core,repeat-standard-core-ChannelListSoup,0-3,100,20,8,ChannelListSoup,50,capacity-16,2598.378,2235.203,2784.417,2793.481,1.1624796494993967
standard,core,repeat-standard-core-ChannelListSoup,0-3,100,20,8,ChannelListSoup,50,miss,11.617,10.586,11.868,15.033,1.097392782920839
standard,core,repeat-standard-core-ChannelListSoup,0-3,100,20,8,ChannelListSoup,50,variants-8,914.452,650.9359999999999,1047.321,719.029,1.4048262809246994
standard,core,repeat-standard-core-ItemPreviewFields,0-3,100,20,8,ItemPreviewFields,1,records-hot,2.884,1.152,3.045,1.1820000000000002,2.5034722222222223
standard,core,repeat-standard-core-ItemPreviewFields,0-3,100,20,8,ItemPreviewFields,1,records-parse,37.006,35.503,52.077999999999996,35.964000000000006,1.0423344506098076
standard,core,repeat-standard-core-ItemPreviewFields,0-3,100,20,8,ItemPreviewFields,50,records-hot,126.279,71.56700000000001,143.966,116.605,1.7644864253077532
standard,core,repeat-standard-core-ItemPreviewFields,0-3,100,20,8,ItemPreviewFields,50,records-parse,162.544,116.044,204.166,166.57999999999998,1.400710075488608
standard,core,repeat-standard-core-ItemPreviewNameCacheWrite,0-3,100,20,8,ItemPreviewNameCacheWrite,1,hot,2.885,3.345,2.985,3.706,0.8624813153961135
standard,core,repeat-standard-core-ItemPreviewNameCacheWrite,0-3,100,20,8,ItemPreviewNameCacheWrite,1,hot-registered,3.315,2.274,3.3649999999999998,2.344,1.45778364116095
standard,core,repeat-standard-core-ItemPreviewNameCacheWrite,0-3,100,20,8,ItemPreviewNameCacheWrite,1,hot-json,4.247,3.2449999999999997,4.326,3.315,1.3087827426810479
standard,core,repeat-standard-core-ItemPreviewNameCacheWrite,0-3,100,20,8,ItemPreviewNameCacheWrite,1,hot-resolvers,4.387,2.924,5.659000000000001,4.096,1.5003419972640217
standard,core,repeat-standard-core-ItemPreviewNameCacheWrite,0-3,100,20,8,ItemPreviewNameCacheWrite,1,unchanged-write,15.142,22.765,15.302999999999999,24.647,0.6651438611904239
standard,core,repeat-standard-core-ItemPreviewNameCacheWrite,0-3,100,20,8,ItemPreviewNameCacheWrite,1,cold-engine,105.488,131.958,158.338,187.25099999999998,0.799405871565195
standard,core,repeat-standard-core-ItemPreviewNameCacheWrite,0-3,100,20,8,ItemPreviewNameCacheWrite,1,capacity-16,3.2849999999999997,2.2929999999999997,4.5569999999999995,2.3729999999999998,1.4326210204971654
standard,core,repeat-standard-core-ItemPreviewNameCacheWrite,0-3,100,20,8,ItemPreviewNameCacheWrite,1,miss,11.237,11.026000000000002,11.437000000000001,11.197,1.01913658625068
standard,core,repeat-standard-core-ItemPreviewNameCacheWrite,0-3,100,20,8,ItemPreviewNameCacheWrite,1,variants-8,4.207,2.2929999999999997,4.296,2.343,1.8347143480157002
standard,core,repeat-standard-core-ItemPreviewNameCacheWrite,0-3,100,20,8,ItemPreviewNameCacheWrite,50,hot,61.072,49.064,70.606,64.86800000000001,1.2447415620414153
standard,core,repeat-standard-core-ItemPreviewNameCacheWrite,0-3,100,20,8,ItemPreviewNameCacheWrite,50,hot-registered,70.566,49.394,79.569,68.032,1.4286350568895008
standard,core,repeat-standard-core-ItemPreviewNameCacheWrite,0-3,100,20,8,ItemPreviewNameCacheWrite,50,hot-json,89.875,70.41499999999999,112.98,101.332,1.2763615706880638
standard,core,repeat-standard-core-ItemPreviewNameCacheWrite,0-3,100,20,8,ItemPreviewNameCacheWrite,50,hot-resolvers,71.167,49.114,81.813,68.423,1.449016573685711
standard,core,repeat-standard-core-ItemPreviewNameCacheWrite,0-3,100,20,8,ItemPreviewNameCacheWrite,50,unchanged-write,104.847,104.416,120.691,144.807,1.004127719889672
standard,core,repeat-standard-core-ItemPreviewNameCacheWrite,0-3,100,20,8,ItemPreviewNameCacheWrite,50,cold-engine,401.30199999999996,305.448,471.096,444.196,1.3138144626908672
standard,core,repeat-standard-core-ItemPreviewNameCacheWrite,0-3,100,20,8,ItemPreviewNameCacheWrite,50,capacity-16,243.305,211.86800000000002,277.035,260.571,1.1483801234731057
standard,core,repeat-standard-core-ItemPreviewNameCacheWrite,0-3,100,20,8,ItemPreviewNameCacheWrite,50,miss,11.397,11.155999999999999,11.618,11.317,1.0216027249910364
standard,core,repeat-standard-core-ItemPreviewNameCacheWrite,0-3,100,20,8,ItemPreviewNameCacheWrite,50,variants-8,80.101,48.773,116.56500000000001,59.4,1.6423225965185655
standard,core,repeat-standard-core-MyActivityOverview,0-3,100,20,8,MyActivityOverview,1,hot,4.016,4.026,4.096,4.106,0.9975161450571287
standard,core,repeat-standard-core-MyActivityOverview,0-3,100,20,8,MyActivityOverview,1,hot-registered,4.316,4.077,4.386,4.147,1.0586215354427275
standard,core,repeat-standard-core-MyActivityOverview,0-3,100,20,8,MyActivityOverview,1,hot-json,6.039,6.61,6.17,6.7700000000000005,0.9136157337367624
standard,core,repeat-standard-core-MyActivityOverview,0-3,100,20,8,MyActivityOverview,1,hot-resolvers,5.577999999999999,5.208,5.688,5.298,1.0710445468509984
standard,core,repeat-standard-core-MyActivityOverview,0-3,100,20,8,MyActivityOverview,1,unchanged-write,16.073999999999998,22.794,16.495,23.144000000000002,0.7051855751513555
standard,core,repeat-standard-core-MyActivityOverview,0-3,100,20,8,MyActivityOverview,1,cold-engine,79.199,97.46600000000001,102.634,117.51700000000001,0.8125807974062749
standard,core,repeat-standard-core-MyActivityOverview,0-3,100,20,8,MyActivityOverview,1,capacity-16,4.276,2.994,4.407,3.045,1.4281897127588508
standard,core,repeat-standard-core-MyActivityOverview,0-3,100,20,8,MyActivityOverview,1,miss,11.297,11.127,11.536999999999999,15.693,1.0152781522422936
standard,core,repeat-standard-core-MyActivityOverview,0-3,100,20,8,MyActivityOverview,50,hot,73.66,50.436,87.471,65.87899999999999,1.4604647474026489
standard,core,repeat-standard-core-MyActivityOverview,0-3,100,20,8,MyActivityOverview,50,hot-registered,73.871,51.057,88.563,68.102,1.4468339307048983
standard,core,repeat-standard-core-MyActivityOverview,0-3,100,20,8,MyActivityOverview,50,hot-json,104.978,80.912,118.398,89.89500000000001,1.297434249555072
standard,core,repeat-standard-core-MyActivityOverview,0-3,100,20,8,MyActivityOverview,50,hot-resolvers,75.72399999999999,52.639,85.33800000000001,67.411,1.4385531640038751
standard,core,repeat-standard-core-MyActivityOverview,0-3,100,20,8,MyActivityOverview,50,unchanged-write,92.44800000000001,90.275,109.133,102.464,1.0240708944890613
standard,core,repeat-standard-core-MyActivityOverview,0-3,100,20,8,MyActivityOverview,50,cold-engine,168.333,144.838,247.30100000000002,163.115,1.1622157168698823
standard,core,repeat-standard-core-MyActivityOverview,0-3,100,20,8,MyActivityOverview,50,capacity-16,76.976,52.239,88.243,61.202,1.4735350982982063
standard,core,repeat-standard-core-MyActivityOverview,0-3,100,20,8,MyActivityOverview,50,miss,10.155,10.485000000000001,10.416,10.776,0.9685264663805435
standard,core,repeat-standard-core-SoupMembership,0-3,100,20,8,GroupSoupMembership,1,hot,4.076,4.707,4.167,4.847,0.8659443382196728
standard,core,repeat-standard-core-SoupMembership,0-3,100,20,8,GroupSoupMembership,1,hot-registered,4.646999999999999,4.707,4.726999999999999,4.947,0.987253027405991
standard,core,repeat-standard-core-SoupMembership,0-3,100,20,8,GroupSoupMembership,1,hot-json,5.999,6.56,8.183,6.751,0.9144817073170731
standard,core,repeat-standard-core-SoupMembership,0-3,100,20,8,GroupSoupMembership,1,hot-resolvers,5.789,5.958,8.753,6.159,0.9716347767707284
standard,core,repeat-standard-core-SoupMembership,0-3,100,20,8,GroupSoupMembership,1,unchanged-write,16.955,24.627,17.507,25.358,0.6884720022739269
standard,core,repeat-standard-core-SoupMembership,0-3,100,20,8,GroupSoupMembership,1,cold-engine,95.363,109.194,115.002,184.276,0.8733355312562961
standard,core,repeat-standard-core-SoupMembership,0-3,100,20,8,GroupSoupMembership,1,capacity-16,4.667000000000001,4.747,6.549,4.957,0.9831472508953024
standard,core,repeat-standard-core-SoupMembership,0-3,100,20,8,GroupSoupMembership,1,miss,11.368,11.176,15.794000000000002,15.634,1.0171796707229779
standard,core,repeat-standard-core-SoupMembership,0-3,100,20,8,GroupSoupMembership,1,variants-8,6.74,3.2849999999999997,6.861,4.4270000000000005,2.051750380517504
standard,core,repeat-standard-core-SoupMembership,0-3,100,20,8,GroupSoupMembership,50,hot,115.774,84.808,166.25,97.937,1.3651306480520704
standard,core,repeat-standard-core-SoupMembership,0-3,100,20,8,GroupSoupMembership,50,hot-registered,136.455,85.06800000000001,167.481,104.667,1.604069685428128
standard,core,repeat-standard-core-SoupMembership,0-3,100,20,8,GroupSoupMembership,50,hot-json,182.404,129.154,280.862,140.481,1.4122984963686762
standard,core,repeat-standard-core-SoupMembership,0-3,100,20,8,GroupSoupMembership,50,hot-resolvers,138.37800000000001,89.104,182.103,122.444,1.5529942539055488
standard,core,repeat-standard-core-SoupMembership,0-3,100,20,8,GroupSoupMembership,50,unchanged-write,190.476,186.93,267.45099999999996,271.96799999999996,1.018969667790082
standard,core,repeat-standard-core-SoupMembership,0-3,100,20,8,GroupSoupMembership,50,cold-engine,620.0,557.947,918.628,742.554,1.111216656779228
standard,core,repeat-standard-core-SoupMembership,0-3,100,20,8,GroupSoupMembership,50,capacity-16,562.665,463.095,637.1659999999999,517.917,1.215009879182457
standard,core,repeat-standard-core-SoupMembership,0-3,100,20,8,GroupSoupMembership,50,miss,11.317,10.526,11.517,10.706000000000001,1.0751472544176326
standard,core,repeat-standard-core-SoupMembership,0-3,100,20,8,GroupSoupMembership,50,variants-8,377.496,81.282,432.78000000000003,115.613,4.644275485347309
standard,core,repeat-standard-core-SoupMembership,0-3,100,20,8,SoupMembership,1,hot,2.283,1.8419999999999999,2.3539999999999996,2.053,1.239413680781759
standard,core,repeat-standard-core-SoupMembership,0-3,100,20,8,SoupMembership,1,hot-registered,2.714,1.882,2.784,1.962,1.4420828905419767
standard,core,repeat-standard-core-SoupMembership,0-3,100,20,8,SoupMembership,1,hot-json,3.496,2.674,3.575,2.774,1.3074046372475692
standard,core,repeat-standard-core-SoupMembership,0-3,100,20,8,SoupMembership,1,hot-resolvers,3.755,2.374,3.8260000000000005,2.4339999999999997,1.5817186183656275
standard,core,repeat-standard-core-SoupMembership,0-3,100,20,8,SoupMembership,1,unchanged-write,14.491999999999999,14.462,14.691999999999998,14.652,1.002074401880791
standard,core,repeat-standard-core-SoupMembership,0-3,100,20,8,SoupMembership,1,cold-engine,84.106,84.83800000000001,111.167,102.89399999999999,0.9913717909427378
standard,core,repeat-standard-core-SoupMembership,0-3,100,20,8,SoupMembership,1,capacity-16,2.775,1.843,2.865,2.614,1.5056972327726532
standard,core,repeat-standard-core-SoupMembership,0-3,100,20,8,SoupMembership,1,miss,11.497,11.206999999999999,11.698,16.415000000000003,1.0258766842152227
standard,core,repeat-standard-core-SoupMembership,0-3,100,20,8,SoupMembership,1,variants-8,3.666,1.833,3.7960000000000003,1.903,2.0
standard,core,repeat-standard-core-SoupMembership,0-3,100,20,8,SoupMembership,50,hot,29.985,22.915,38.037,23.544999999999998,1.3085315295657867
standard,core,repeat-standard-core-SoupMembership,0-3,100,20,8,SoupMembership,50,hot-registered,38.148,23.015,38.988,30.906,1.6575276993265262
standard,core,repeat-standard-core-SoupMembership,0-3,100,20,8,SoupMembership,50,hot-json,71.36699999999999,35.864000000000004,85.399,46.96,1.9899341958509922
standard,core,repeat-standard-core-SoupMembership,0-3,100,20,8,SoupMembership,50,hot-resolvers,38.919,24.176000000000002,49.815000000000005,32.339000000000006,1.6098196558570481
standard,core,repeat-standard-core-SoupMembership,0-3,100,20,8,SoupMembership,50,unchanged-write,68.824,68.63300000000001,94.862,80.50099999999999,1.0027829178383574
standard,core,repeat-standard-core-SoupMembership,0-3,100,20,8,SoupMembership,50,cold-engine,268.002,243.345,396.164,340.88100000000003,1.101325278924983
standard,core,repeat-standard-core-SoupMembership,0-3,100,20,8,SoupMembership,50,capacity-16,189.094,161.151,248.66299999999998,181.723,1.173396379792865
standard,core,repeat-standard-core-SoupMembership,0-3,100,20,8,SoupMembership,50,miss,10.786,10.886000000000001,14.552000000000001,11.076,0.9908138893992282
standard,core,repeat-standard-core-SoupMembership,0-3,100,20,8,SoupMembership,50,variants-8,49.092999999999996,21.442,58.016999999999996,22.143,2.2895718682958677
standard,core,repeat-standard-core-SoupNotifications,0-3,100,20,8,SoupNotifications,1,hot,20.801,13.18,21.362,18.578,1.5782245827010621
standard,core,repeat-standard-core-SoupNotifications,0-3,100,20,8,SoupNotifications,1,hot-registered,21.462,13.049,26.29,18.177,1.6447237336194345
standard,core,repeat-standard-core-SoupNotifications,0-3,100,20,8,SoupNotifications,1,hot-json,27.862,19.038999999999998,32.559,19.79,1.4634171962813174
standard,core,repeat-standard-core-SoupNotifications,0-3,100,20,8,SoupNotifications,1,hot-resolvers,21.852999999999998,14.982,25.428,20.11,1.4586170070751567
standard,core,repeat-standard-core-SoupNotifications,0-3,100,20,8,SoupNotifications,1,unchanged-write,34.010999999999996,31.226999999999997,40.601,48.763,1.0891536170621576
standard,core,repeat-standard-core-SoupNotifications,0-3,100,20,8,SoupNotifications,1,cold-engine,668.933,680.892,971.9480000000001,1038.4479999999999,0.9824362747689794
standard,core,repeat-standard-core-SoupNotifications,0-3,100,20,8,SoupNotifications,1,capacity-16,21.373,13.17,23.023999999999997,13.41,1.6228549734244495
standard,core,repeat-standard-core-SoupNotifications,0-3,100,20,8,SoupNotifications,1,miss,13.29,11.707,13.55,13.791,1.1352182454941486
standard,core,repeat-standard-core-SoupNotifications,0-3,100,20,8,SoupNotifications,1,variants-8,24.396,13.209,25.418,16.525,1.8469225528049058
standard,core,repeat-standard-core-SoupNotifications,0-3,100,20,8,SoupNotifications,50,hot,808.923,930.9770000000001,886.861,1016.7450000000001,0.8688968685585142
standard,core,repeat-standard-core-SoupNotifications,0-3,100,20,8,SoupNotifications,50,hot-registered,857.376,673.801,993.4099999999999,904.757,1.2724469093990658
standard,core,repeat-standard-core-SoupNotifications,0-3,100,20,8,SoupNotifications,50,hot-json,1134.742,973.37,1660.5910000000001,1140.7520000000002,1.1657869052878145
standard,core,repeat-standard-core-SoupNotifications,0-3,100,20,8,SoupNotifications,50,hot-resolvers,848.693,676.605,896.655,1006.46,1.254340420186076
standard,core,repeat-standard-core-SoupNotifications,0-3,100,20,8,SoupNotifications,50,unchanged-write,1046.5800000000002,1099.89,1157.367,1512.74,0.9515315167880425
standard,core,repeat-standard-core-SoupNotifications,0-3,100,20,8,SoupNotifications,50,cold-engine,2295.153,2449.164,3241.112,2934.462,0.9371169100966695
standard,core,repeat-standard-core-SoupNotifications,0-3,100,20,8,SoupNotifications,50,capacity-16,1926.049,1645.779,2624.356,1803.325,1.170296254843451
standard,core,repeat-standard-core-SoupNotifications,0-3,100,20,8,SoupNotifications,50,miss,13.631,10.825999999999999,18.728,10.967,1.2590984666543508
standard,core,repeat-standard-core-SoupNotifications,0-3,100,20,8,SoupNotifications,50,variants-8,961.6419999999999,683.806,1248.2330000000002,974.231,1.406308221922592
