host,operation,fixture_size,scenario,normalized_records,requests_per_read,samples,before_p50_ms,after_p50_ms,before_p95_ms,after_p95_ms,speedup
native,AgentSessionMentions,50,hot-json,57,1,20,0.05234900000000001,0.052519,0.071857,0.05988,0.9967630762200346
native,AgentSessionMentions,50,hot-resolvers,57,1,20,0.035343,0.033731000000000004,0.035852999999999996,0.035073,1.0477898668880257
native,AgentSessionMentions,1000,hot-json,1086,1,20,1.214162,1.1899549999999999,1.487602,1.810856,1.0203427860717422
native,AgentSessionMentions,1000,hot-resolvers,1086,1,20,0.767632,0.6433450000000001,1.064707,0.8428640000000001,1.1931887245568085
native,AgentSessionMentions,10000,hot-json,10836,1,20,57.267405,27.136046,85.33943500000001,32.365871,2.1103813355858843
native,AgentSessionMentions,10000,hot-resolvers,10836,1,20,40.77811,18.273001,57.946183,20.193191,2.23160443104009
native,ChannelListSoup,50,hot-json,231,1,20,0.943385,0.8747619999999999,1.1088030000000002,0.92664,1.078447623467869
native,ChannelListSoup,50,hot-resolvers,231,1,20,0.6287229999999999,0.5331589999999999,0.6531399999999999,0.592158,1.1792410894311078
native,ChannelListSoup,1000,hot-json,4584,1,20,35.967934,32.249585999999994,41.680934,36.31188099999999,1.1152990925216841
native,ChannelListSoup,1000,hot-resolvers,4584,1,20,23.842616000000003,15.530688,26.489597,18.617227,1.5351938046788398
native,ChannelListSoup,10000,hot-json,45834,1,20,1233.9747189999998,807.3781359999999,1300.805139,874.618673,1.5283727215025797
native,ChannelListSoup,10000,hot-resolvers,45834,1,20,983.2912459999999,574.033973,1087.111594,628.6259349999999,1.7129495678821085
native,ChannelUnreadPresence,50,hot-json,60,1,20,0.051678,0.048072000000000004,0.07784700000000001,0.057756,1.0750124812780828
native,ChannelUnreadPresence,50,hot-resolvers,60,1,20,0.052719,0.032008,0.054312,0.032479,1.6470569857535615
native,ChannelUnreadPresence,1000,hot-json,1170,1,20,1.140521,1.023306,1.373871,1.283175,1.1145454047958283
native,ChannelUnreadPresence,1000,hot-resolvers,1170,1,20,1.2565250000000001,0.6483329999999999,1.2703059999999997,0.804947,1.938085829350041
native,ChannelUnreadPresence,10000,hot-json,11670,1,20,51.397028999999996,30.662356000000003,61.260936,35.286953000000004,1.6762256951161871
native,ChannelUnreadPresence,10000,hot-resolvers,11670,1,20,42.24457999999999,24.826912,45.850989,29.222476000000004,1.7015640124716274
native,EmailThreadPage,50,hot-json,303,1,20,2.356194,2.289855,3.491337,2.411578,1.0289708300307225
native,EmailThreadPage,50,hot-resolvers,303,1,20,1.2447570000000001,0.903726,1.709224,0.9595790000000001,1.3773610585509326
native,EmailThreadPage,1000,hot-json,6003,1,20,102.089962,102.03906599999999,140.506459,106.285496,1.0004987893558337
native,EmailThreadPage,1000,hot-resolvers,6003,1,20,54.253044,47.259451999999996,61.84804700000001,49.314165,1.1479829262514514
native,EmailThreadPage,10000,hot-json,60003,1,20,2782.9599670000002,1746.431405,2860.7960359999997,1812.473854,1.5935123240640534
native,EmailThreadPage,10000,hot-resolvers,60003,1,20,2118.551717,1111.0783589999999,2199.82994,1184.437554,1.9067527504601498
native,EntityActivity,50,hot-json,152,1,20,0.395714,0.365878,0.40453700000000004,0.525648,1.0815463077856553
native,EntityActivity,50,hot-resolvers,152,1,20,0.281242,0.229314,0.421603,0.312028,1.226449322762675
native,EntityActivity,1000,hot-json,3002,1,20,12.372489999999999,9.7994,13.704368,11.002945,1.2625762801804192
native,EntityActivity,1000,hot-resolvers,3002,1,20,9.993451,5.508182000000001,11.555073,6.348223,1.8142920840306294
native,EntityActivity,10000,hot-json,30002,1,20,571.50665,376.831585,629.226985,400.105698,1.5166102650339142
native,EntityActivity,10000,hot-resolvers,30002,1,20,453.849697,265.69966900000003,512.381418,282.797367,1.7081304568730942
native,EntityProperties,50,hot-json,152,1,20,0.47967899999999997,0.412208,0.5360640000000001,0.5881620000000001,1.1636819275705468
native,EntityProperties,50,hot-resolvers,152,1,20,0.307451,0.222894,0.329104,0.243365,1.3793596956400798
native,EntityProperties,1000,hot-json,3002,1,20,18.846141,16.70581,21.218049,20.242805999999998,1.1281189598109878
native,EntityProperties,1000,hot-resolvers,3002,1,20,11.58671,8.321933000000001,13.339220000000001,9.981633,1.3923099356844137
native,EntityProperties,10000,hot-json,30002,1,20,632.8080769999999,424.535605,680.29498,480.625534,1.490588938941882
native,EntityProperties,10000,hot-resolvers,30002,1,20,488.22585300000003,302.167413,525.166154,346.496079,1.6157462121833766
native,Favorites,50,hot-json,52,1,20,0.141102,0.14134200000000002,0.177657,0.19337000000000001,0.9983019909156513
native,Favorites,50,hot-resolvers,52,1,20,0.092589,0.06646900000000001,0.116735,0.098398,1.392965141644977
native,Favorites,1000,hot-json,1002,1,20,3.3366350000000002,3.078769,3.797316,3.568122,1.0837562025601792
native,Favorites,1000,hot-resolvers,1002,1,20,2.022834,1.751117,2.318518,1.997887,1.1551678157427516
native,Favorites,10000,hot-json,10002,1,20,103.97037300000001,64.762909,109.165175,68.89376599999999,1.6053999828821774
native,Favorites,10000,hot-resolvers,10002,1,20,93.22807900000001,35.562477,100.346086,38.408075,2.6215294002158513
native,GroupSoup,50,hot-json,542,1,20,4.311237,3.269004,6.313301,3.896856,1.3188227974025117
native,GroupSoup,50,hot-resolvers,542,1,20,2.794612,1.895083,2.9904360000000003,2.051408,1.4746646980633566
native,GroupSoup,1000,hot-json,10835,1,20,293.691138,172.992431,328.172391,188.19091,1.6977109131439398
native,GroupSoup,1000,hot-resolvers,10835,1,20,225.632315,98.863032,247.065196,110.06452499999999,2.2822718506144946
native,GroupSoup,10000,hot-json,108335,1,20,4096.643033,2959.879897,4155.173794,3031.632782,1.3840571832499595
native,GroupSoup,10000,hot-resolvers,108335,1,20,3111.772117,2013.854279,3219.7893820000004,2110.046605,1.5451823647067366
native,GroupSoupMembership,50,hot-json,102,1,20,0.130085,0.121832,0.14066099999999998,0.135053,1.0677408234289842
native,GroupSoupMembership,50,hot-resolvers,102,1,20,0.081863,0.07284,0.097706,0.087341,1.1238742449203734
native,GroupSoupMembership,1000,hot-json,2002,1,20,3.49295,3.217045,4.076314999999999,4.649214,1.0857634879213687
native,GroupSoupMembership,1000,hot-resolvers,2002,1,20,2.0073510000000003,1.825959,2.1852579999999997,2.070946,1.099340675228743
native,GroupSoupMembership,10000,hot-json,20002,1,20,214.531923,133.04855300000003,244.987188,141.673691,1.612433342285203
native,GroupSoupMembership,10000,hot-resolvers,20002,1,20,156.45897,94.923913,195.50652399999998,111.535061,1.648256641084739
native,ItemPreview,50,hot-json,52,1,20,0.088983,0.074943,0.124447,0.08909299999999999,1.1873423802089589
native,ItemPreview,50,hot-resolvers,52,1,20,0.062473999999999995,0.048222,0.092919,0.050756,1.2955497490771846
native,ItemPreview,1000,hot-json,1002,1,20,2.052969,1.492669,2.528003,1.9294950000000002,1.3753678812918335
native,ItemPreview,1000,hot-resolvers,1002,1,20,1.39308,0.923575,1.667712,1.222825,1.5083561161789785
native,ItemPreview,10000,hot-json,10002,1,20,63.322137000000005,34.796887999999996,72.748819,40.708346,1.8197643708828215
native,ItemPreview,10000,hot-resolvers,10002,1,20,52.62454,23.840633,62.078902,28.967894,2.2073465918459463
native,ItemPreviewFileTypeCacheWrite,50,hot-json,52,1,20,0.037586999999999995,0.038688,0.039519,0.039990000000000005,0.9715415632754341
native,ItemPreviewFileTypeCacheWrite,50,hot-resolvers,52,1,20,0.025298,0.025509,0.025588999999999997,0.026029,0.9917284095809322
native,ItemPreviewFileTypeCacheWrite,1000,hot-json,1002,1,20,0.838538,0.807902,0.939008,0.82686,1.037920440845548
native,ItemPreviewFileTypeCacheWrite,1000,hot-resolvers,1002,1,20,0.588994,0.536785,0.665839,0.6001000000000001,1.0972624048734596
native,ItemPreviewFileTypeCacheWrite,10000,hot-json,10002,1,20,34.122226,20.694183000000002,41.419712999999994,24.709546,1.6488800741735006
native,ItemPreviewFileTypeCacheWrite,10000,hot-resolvers,10002,1,20,24.628754999999998,12.853351,32.460784,15.251539,1.9161349441091273
native,ItemPreviewNameCacheWrite,50,hot-json,52,1,20,0.07060599999999999,0.061722,0.095944,0.070576,1.1439357117397362
native,ItemPreviewNameCacheWrite,50,hot-resolvers,52,1,20,0.049655,0.039369,0.050786000000000005,0.042853999999999996,1.2612715588407122
native,ItemPreviewNameCacheWrite,1000,hot-json,1002,1,20,1.581933,1.2244370000000002,2.244507,1.366209,1.2919676553387391
native,ItemPreviewNameCacheWrite,1000,hot-resolvers,1002,1,20,1.171487,0.749685,1.238338,0.8562049999999999,1.5626389750361815
native,ItemPreviewNameCacheWrite,10000,hot-json,10002,1,20,49.140063999999995,29.073010999999997,53.751551,31.146701999999998,1.6902296084846526
native,ItemPreviewNameCacheWrite,10000,hot-resolvers,10002,1,20,38.602377,17.882465,42.39174,20.857978,2.158672028716399
native,ItemPreviews,50,hot-json,60,1,20,0.128182,0.11268900000000001,0.139148,0.125358,1.1374845814587047
native,ItemPreviews,50,hot-resolvers,60,1,20,0.091547,0.07314,0.10152199999999999,0.075363,1.2516680339075745
native,ItemPreviews,1000,hot-json,1168,1,20,2.985759,2.726139,3.889936,3.194102,1.0952335886027824
native,ItemPreviews,1000,hot-resolvers,1168,1,20,2.221172,1.582754,2.8338,1.957296,1.4033589553398698
native,ItemPreviews,10000,hot-json,11668,1,20,116.138817,67.35327500000001,134.405538,74.673125,1.7243232344678117
native,ItemPreviews,10000,hot-resolvers,11668,1,20,91.34325100000001,44.275307,102.826617,47.721016,2.0630743678411987
native,MailAccounts,50,hot-json,52,1,20,0.054312,0.051948,0.055974,0.071498,1.0455070455070454
native,MailAccounts,50,hot-resolvers,52,1,20,0.036365,0.029574,0.053940999999999996,0.030695999999999998,1.2296273753973086
native,MailAccounts,1000,hot-json,1002,1,20,1.23346,1.153931,1.3314570000000001,1.3085630000000001,1.0689200654111901
native,MailAccounts,1000,hot-resolvers,1002,1,20,0.815573,0.695914,1.109774,0.806841,1.171945096664243
native,MailAccounts,10000,hot-json,10002,1,20,40.839051,23.568174,53.85131,26.597999,1.7328050531195163
native,MailAccounts,10000,hot-resolvers,10002,1,20,32.15855,13.438989,35.881355,18.299941,2.39292925978286
native,MyActivity,50,hot-json,52,1,20,0.185899,0.13323999999999997,0.23241900000000001,0.147291,1.3952191534073854
native,MyActivity,50,hot-resolvers,52,1,20,0.101842,0.074893,0.154512,0.085619,1.359833362263496
native,MyActivity,1000,hot-json,1002,1,20,3.5897449999999997,2.890897,4.153621,3.362964,1.2417408852684824
native,MyActivity,1000,hot-resolvers,1002,1,20,2.2942219999999995,1.579169,2.494662,1.849164,1.4528033415042974
native,MyActivity,10000,hot-json,10002,1,20,120.99013400000001,67.81631999999999,127.95516200000002,74.154928,1.7840858070741676
native,MyActivity,10000,hot-resolvers,10002,1,20,93.680136,40.227244,102.51472899999999,44.449867999999995,2.3287734054065448
native,MyActivityOverview,50,hot-json,2,1,20,0.08129199999999999,0.076715,0.092168,0.119058,1.0596623867561752
native,MyActivityOverview,50,hot-resolvers,2,1,20,0.050807000000000005,0.043074999999999995,0.056955,0.05756599999999999,1.1795008705745793
native,MyActivityOverview,1000,hot-json,2,1,20,1.616645,1.467861,1.663545,1.6232849999999999,1.101361096180088
native,MyActivityOverview,1000,hot-resolvers,2,1,20,0.974592,0.7772960000000001,1.107271,0.9862289999999999,1.2538235112492537
native,MyActivityOverview,10000,hot-json,2,1,20,25.713793,24.517979,27.238639,27.332641,1.0487729433164128
native,MyActivityOverview,10000,hot-resolvers,2,1,20,13.449776,12.398629,15.743345999999997,13.819871,1.08477929293634
native,Soup,50,hot-json,323,1,20,2.039569,1.821723,2.392369,2.1943610000000002,1.119582395347701
native,Soup,50,hot-resolvers,323,1,20,1.364807,1.0053480000000001,1.403355,1.2220540000000002,1.3575468395023413
native,Soup,1000,hot-json,6416,1,20,89.647798,79.64328,98.499977,86.417533,1.1256165994167995
native,Soup,1000,hot-resolvers,6416,1,20,50.415335999999996,44.15683799999999,55.775767,48.155978000000005,1.1417333822679967
native,Soup,10000,hot-json,64166,1,20,2106.6745510000005,1462.4706439999998,2184.41733,1508.845589,1.440490145660661
native,Soup,10000,hot-resolvers,64166,1,20,1640.964743,991.8237979999999,1679.314211,1040.028399,1.6544922054794253
native,SoupBackfill,50,hot-json,363,1,20,2.783405,2.334632,3.237997,2.8775459999999997,1.1922242991614953
native,SoupBackfill,50,hot-resolvers,363,1,20,1.768754,1.183806,2.387752,1.25308,1.4941248819485626
native,SoupBackfill,1000,hot-json,7246,1,20,104.30353300000002,97.38664700000001,110.79001199999999,102.297844,1.0710249938063892
native,SoupBackfill,1000,hot-resolvers,7246,1,20,60.085342,52.042618000000004,63.549358,55.17723,1.1545411109026067
native,SoupBackfill,10000,hot-json,72496,1,20,3225.1058089999997,1787.204518,3291.2431890000003,1829.426624,1.8045532990309954
native,SoupBackfill,10000,hot-resolvers,72496,1,20,2658.448192,1211.447349,2770.933688,1263.813052,2.1944397288040953
native,SoupMailBackfill,50,hot-json,323,1,20,2.0490640000000004,1.7606410000000001,2.313281,2.041713,1.1638170416342686
native,SoupMailBackfill,50,hot-resolvers,323,1,20,1.410576,1.047161,1.630545,1.249154,1.3470478751595982
native,SoupMailBackfill,1000,hot-json,6416,1,20,92.163091,81.00926,98.98203,84.62782800000001,1.1376858768985176
native,SoupMailBackfill,1000,hot-resolvers,6416,1,20,53.790299999999995,44.918391,56.866553999999994,52.1706,1.1975117274347604
native,SoupMailBackfill,10000,hot-json,64166,1,20,2148.407465,1450.980007,2200.000678,1500.334101,1.4806595918864374
native,SoupMailBackfill,10000,hot-resolvers,64166,1,20,1643.9285300000004,1003.1072750000001,1709.296837,1045.0526659999998,1.6388362151994165
native,SoupMembership,50,hot-json,52,1,20,0.034351999999999994,0.037065,0.038118,0.038708000000000006,0.9268042627815999
native,SoupMembership,50,hot-resolvers,52,1,20,0.022103,0.024576999999999998,0.022413999999999996,0.024987,0.899336778288644
native,SoupMembership,1000,hot-json,1002,1,20,0.79327,0.791578,0.969294,0.798117,1.0021375025581813
native,SoupMembership,1000,hot-resolvers,1002,1,20,0.547882,0.522514,0.751998,0.536965,1.0485498953138097
native,SoupMembership,10000,hot-json,10002,1,20,30.462075000000002,18.700853,36.128706,20.409536,1.6289136650611606
native,SoupMembership,10000,hot-resolvers,10002,1,20,22.463617000000003,13.228594,27.346552,14.76584,1.698110698688009
native,SoupNotifications,50,hot-json,152,1,20,1.005598,0.8093940000000001,1.468623,0.890816,1.2424085179776474
native,SoupNotifications,50,hot-resolvers,152,1,20,0.6608809999999999,0.451757,0.700611,0.463976,1.4629125835349535
native,SoupNotifications,1000,hot-json,3002,1,20,41.211991000000005,31.888855,46.363489,36.595665999999994,1.292363460525629
native,SoupNotifications,1000,hot-resolvers,3002,1,20,22.625169000000003,14.775694999999999,26.26539,17.281333,1.531242286741842
native,SoupNotifications,10000,hot-json,30002,1,20,1034.5678650000002,646.876952,1055.228216,682.540201,1.5993271391125405
native,SoupNotifications,10000,hot-resolvers,30002,1,20,802.3897900000001,428.58940499999994,862.4690149999999,456.04147600000005,1.872164315401124
native,SoupSharedMailBackfill,50,hot-json,323,1,20,2.106479,1.909475,2.7243269999999997,2.252589,1.1031718142421347
native,SoupSharedMailBackfill,50,hot-resolvers,323,1,20,1.556846,1.098558,1.832248,1.335774,1.4171723295447305
native,SoupSharedMailBackfill,1000,hot-json,6416,1,20,91.847027,83.53941600000002,104.463493,88.304554,1.0994454043107027
native,SoupSharedMailBackfill,1000,hot-resolvers,6416,1,20,54.994125,45.915617,57.431932,52.241286,1.1977215725969663
native,SoupSharedMailBackfill,10000,hot-json,64166,1,20,2210.542492,1493.331937,2257.452069,1533.3178389999998,1.4802753743021302
native,SoupSharedMailBackfill,10000,hot-resolvers,64166,1,20,1704.5414640000001,1037.497893,1764.717302,1085.4487120000001,1.6429348681096552
native,ChannelListItemFields,50,records-hot,178,1,20,0.825058,0.541873,0.8522990000000001,0.5553230000000001,1.5226040049974807
native,ChannelListItemFields,1000,records-hot,3579,2,20,26.365039,16.147753,31.610647999999998,19.994011999999998,1.6327373226479251
native,ChannelListItemFields,10000,records-hot,35829,20,20,692.241772,557.9254179999999,794.65567,583.4022960000001,1.2407424893482808
native,EmailThreadMessageFields,50,records-hot,250,1,20,1.167431,0.8668499999999999,1.4909759999999999,0.996545,1.3467508796216188
native,EmailThreadMessageFields,1000,records-hot,5000,2,20,45.454204999999995,40.799472,50.506383,43.914365,1.1140880695710962
native,EmailThreadMessageFields,10000,records-hot,50000,20,20,1754.055218,1303.8458249999999,1853.0645990000003,1397.009196,1.345293426851292
native,GraphqlChannelQuickAccessFields,50,records-hot,50,1,20,0.12731,0.11028599999999998,0.150907,0.12,1.1543622943982013
native,GraphqlChannelQuickAccessFields,1000,records-hot,1000,2,20,2.912669,2.76652,3.246099,3.1291439999999997,1.052827740265749
native,GraphqlChannelQuickAccessFields,10000,records-hot,10000,20,20,60.447966,50.509087,67.108117,53.364921,1.1967740775041134
native,GraphqlChatQuickAccessName,50,records-hot,50,1,20,0.049845,0.05094699999999999,0.051296,0.071547,0.9783696782931283
native,GraphqlChatQuickAccessName,1000,records-hot,1000,2,20,1.295163,1.33968,1.44668,1.5994089999999999,0.9667704227875313
native,GraphqlChatQuickAccessName,10000,records-hot,10000,20,20,17.494894,21.728344,20.080732,25.207383,0.805164627364147
native,GraphqlCrmCompanyQuickAccessFields,50,records-hot,50,1,20,0.126971,0.07661499999999999,0.138608,0.077276,1.6572603276120865
native,GraphqlCrmCompanyQuickAccessFields,1000,records-hot,1000,2,20,2.071268,1.881122,2.39359,1.998679,1.1010811632632014
native,GraphqlCrmCompanyQuickAccessFields,10000,records-hot,10000,20,20,34.324439,31.510969,39.326843000000004,35.620734000000006,1.0892854167702681
native,GraphqlDocumentQuickAccessName,50,records-hot,50,1,20,0.06776100000000002,0.064526,0.07748599999999999,0.066309,1.0501348293711064
native,GraphqlDocumentQuickAccessName,1000,records-hot,1000,2,20,1.6964750000000002,1.75352,2.169144,2.1798699999999998,0.9674682923491036
native,GraphqlDocumentQuickAccessName,10000,records-hot,10000,20,20,28.779802,25.236736999999998,32.034754,27.600393,1.1403931498751207
native,GraphqlProjectQuickAccessName,50,records-hot,50,1,20,0.049775,0.049274,0.051257,0.050306000000000003,1.010167634046353
native,GraphqlProjectQuickAccessName,1000,records-hot,1000,2,20,1.2909869999999999,1.329404,1.4056380000000002,1.55376,0.9711020878529024
native,GraphqlProjectQuickAccessName,10000,records-hot,10000,20,20,18.681264,20.766882000000003,20.751679,24.011859,0.8995699980382225
native,ItemPreviewFields,50,records-hot,50,1,20,0.08757199999999998,0.085358,0.125858,0.09307000000000001,1.0259378148503946
native,ItemPreviewFields,1000,records-hot,1000,2,20,1.757506,1.621362,2.109514,1.895403,1.0839689100891718
native,ItemPreviewFields,10000,records-hot,10000,20,20,29.048054,26.151559000000002,33.947394,29.529136,1.110758024024495
native,MailItemFields,50,records-hot,270,1,20,1.434312,1.003675,1.7397,1.133851,1.4290602037512143
native,MailItemFields,1000,records-hot,5411,2,20,55.362668,35.643387,60.471502,39.719873,1.5532381364318717
native,MailItemFields,10000,records-hot,54161,20,20,1358.4856649999997,1033.60281,1415.015464,1076.1698930000002,1.3143207931100727
native,SoupItemFields,50,records-hot,270,1,20,1.627752,0.968803,2.187942,1.156525,1.6801682075716118
native,SoupItemFields,1000,records-hot,5411,2,20,54.952933,36.799231,62.393274,40.91087,1.493317428290825
native,SoupItemFields,10000,records-hot,54161,20,20,1347.2016680000002,1023.779144,1441.882657,1103.353661,1.3159104440596028
chromium,AgentSessionMentions,50,hot-resolvers,57,1,30,0.5999999046325684,0.5999999046325684,1.7999999523162842,1.5,1.0
chromium,AgentSessionMentions,50,hot-json,57,1,30,0.5,0.40000009536743164,1.4000000953674316,1.5,1.2499997019768472
chromium,ChannelListSoup,50,hot-resolvers,231,1,30,3.1000001430511475,2.4000000953674316,7.0,5.099999904632568,1.2916666749450891
chromium,ChannelListSoup,50,hot-json,231,1,30,2.9000000953674316,2.3000001907348633,5.400000095367432,5.200000047683716,1.260869502119852
chromium,ChannelUnreadPresence,50,hot-resolvers,60,1,30,0.6000001430511475,0.40000009536743164,2.0,1.0,1.5
chromium,ChannelUnreadPresence,50,hot-json,60,1,30,0.5999999046325684,0.5,1.1000001430511475,0.8999998569488525,1.1999998092651367
chromium,EmailThreadPage,50,hot-resolvers,303,1,30,9.200000047683716,7.400000095367432,13.399999856948853,15.299999952316284,1.243243233664703
chromium,EmailThreadPage,50,hot-json,303,1,30,8.200000047683716,7.299999952316284,11.200000047683716,9.099999904632568,1.1232876851022255
chromium,EntityActivity,50,hot-resolvers,152,1,30,1.5,1.3999998569488525,4.700000047683716,5.3999998569488525,1.0714286809065017
chromium,EntityActivity,50,hot-json,152,1,30,1.4000000953674316,1.1000001430511475,2.0999999046325684,4.0,1.2727271939112237
chromium,EntityProperties,50,hot-resolvers,152,1,30,1.5,1.2999999523162842,2.3000001907348633,2.5,1.15384619616898
chromium,EntityProperties,50,hot-json,152,1,30,1.7999999523162842,1.2999999523162842,3.3999998569488525,4.300000190734863,1.3846153987229934
chromium,Favorites,50,hot-resolvers,52,1,30,0.6000001430511475,0.7000000476837158,2.0,3.0,0.8571430031134059
chromium,Favorites,50,hot-json,52,1,30,0.5999999046325684,0.5999999046325684,1.4000000953674316,1.4000000953674316,1.0
chromium,GroupSoup,50,hot-resolvers,542,1,30,9.299999952316284,6.300000190734863,12.400000095367432,12.799999952316284,1.4761904239294135
chromium,GroupSoup,50,hot-json,542,1,30,9.600000143051147,7.0,14.600000143051147,9.600000143051147,1.3714285918644495
chromium,GroupSoupMembership,50,hot-resolvers,102,1,30,0.7999999523162842,0.6999998092651367,2.0,3.200000047683716,1.1428573861414735
chromium,GroupSoupMembership,50,hot-json,102,1,30,0.6000001430511475,0.7000000476837158,2.0999999046325684,3.6000001430511475,0.8571430031134059
chromium,ItemPreview,50,hot-resolvers,52,1,30,0.5999999046325684,0.5,1.0999999046325684,1.3000001907348633,1.1999998092651367
chromium,ItemPreview,50,hot-json,52,1,30,0.5,0.5,1.7999999523162842,2.200000047683716,1.0
chromium,ItemPreviewFileTypeCacheWrite,50,hot-resolvers,52,1,30,0.5,0.40000009536743164,1.4000000953674316,1.0999999046325684,1.2499997019768472
chromium,ItemPreviewFileTypeCacheWrite,50,hot-json,52,1,30,0.40000009536743164,0.5,1.2999999523162842,1.6000001430511475,0.8000001907348633
chromium,ItemPreviewNameCacheWrite,50,hot-resolvers,52,1,30,0.5,0.5,2.299999952316284,1.1000001430511475,1.0
chromium,ItemPreviewNameCacheWrite,50,hot-json,52,1,30,0.5,0.7000000476837158,1.9000000953674316,3.9000000953674316,0.7142856656288648
chromium,ItemPreviews,50,hot-resolvers,60,1,30,0.7999999523162842,0.8000001907348633,3.6999998092651367,2.1000001430511475,0.9999997019768472
chromium,ItemPreviews,50,hot-json,60,1,30,0.6000001430511475,0.6000001430511475,1.2999999523162842,1.2999999523162842,1.0
chromium,MailAccounts,50,hot-resolvers,52,1,30,0.5,0.5,1.0999999046325684,1.2999999523162842,1.0
chromium,MailAccounts,50,hot-json,52,1,30,0.5,0.39999985694885254,2.5,0.7999999523162842,1.2500004470349957
chromium,MyActivity,50,hot-resolvers,52,1,30,0.7000000476837158,0.7000000476837158,5.900000095367432,3.700000047683716,1.0
chromium,MyActivity,50,hot-json,52,1,30,0.7000000476837158,0.6999998092651367,1.7999999523162842,1.2000000476837158,1.0000003405980629
chromium,MyActivityOverview,50,hot-resolvers,2,1,30,0.5,0.7000000476837158,1.5999999046325684,3.5,0.7142856656288648
chromium,MyActivityOverview,50,hot-json,2,1,30,0.39999985694885254,0.39999985694885254,5.599999904632568,2.299999952316284,1.0
chromium,Soup,50,hot-resolvers,323,1,30,4.5,4.099999904632568,8.600000143051147,5.8999998569488525,1.0975610011394081
chromium,Soup,50,hot-json,323,1,30,3.700000047683716,3.3999998569488525,5.799999952316284,6.0,1.0882353539285388
chromium,SoupBackfill,50,hot-resolvers,363,1,30,5.5,5.599999904632568,8.899999856948853,9.5,0.9821428738686506
chromium,SoupBackfill,50,hot-json,363,1,30,5.300000190734863,4.200000047683716,7.099999904632568,5.800000190734863,1.2619047929910843
chromium,SoupMailBackfill,50,hot-resolvers,323,1,30,5.200000047683716,4.3999998569488525,7.199999809265137,8.299999952316284,1.1818182310782204
chromium,SoupMailBackfill,50,hot-json,323,1,30,4.200000047683716,3.299999952316284,5.799999952316284,7.900000095367432,1.2727273055672979
chromium,SoupMembership,50,hot-resolvers,52,1,30,0.39999985694885254,0.40000009536743164,1.5,2.6999998092651367,0.9999994039536944
chromium,SoupMembership,50,hot-json,52,1,30,0.5,0.40000009536743164,2.200000047683716,0.9000000953674316,1.2499997019768472
chromium,SoupNotifications,50,hot-resolvers,152,1,30,2.5,2.200000047683716,4.0,6.1000001430511475,1.1363636117336184
chromium,SoupNotifications,50,hot-json,152,1,30,2.3999998569488525,1.7999999523162842,4.799999952316284,6.299999952316284,1.3333332891817435
chromium,SoupSharedMailBackfill,50,hot-resolvers,323,1,30,5.599999904632568,4.799999952316284,10.099999904632568,8.399999856948853,1.1666666583882437
chromium,SoupSharedMailBackfill,50,hot-json,323,1,30,4.099999904632568,3.299999952316284,5.5,4.3999998569488525,1.2424242314775673
chromium,ChannelListItemFields,50,records-hot,180,1,30,2.5,2.200000047683716,5.299999952316284,3.3999998569488525,1.1363636117336184
chromium,EmailThreadMessageFields,50,records-hot,253,1,30,7.099999904632568,7.299999952316284,13.399999856948853,12.0,0.9726027330150522
chromium,GraphqlChannelQuickAccessFields,50,records-hot,52,1,30,1.2000000476837158,0.7999999523162842,4.099999904632568,2.6999998092651367,1.5000001490116208
chromium,GraphqlChatQuickAccessName,50,records-hot,52,1,30,0.7000000476837158,0.7000000476837158,3.5999999046325684,1.6999998092651367,1.0
chromium,GraphqlCrmCompanyQuickAccessFields,50,records-hot,52,1,30,0.6999998092651367,0.9000000953674316,1.5999999046325684,4.200000047683716,0.7777774834338842
chromium,GraphqlDocumentQuickAccessName,50,records-hot,52,1,30,0.6000001430511475,0.7999999523162842,1.5999999046325684,2.8000001907348633,0.7500002235174312
chromium,GraphqlProjectQuickAccessName,50,records-hot,52,1,30,0.7999999523162842,0.6999998092651367,2.200000047683716,1.5,1.1428573861414735
chromium,ItemPreviewFields,50,records-hot,52,1,30,0.7000000476837158,0.7000000476837158,2.200000047683716,1.5,1.0
chromium,MailItemFields,50,records-hot,272,1,30,4.700000047683716,4.200000047683716,7.799999952316284,15.899999856948853,1.1190476176960398
chromium,SoupItemFields,50,records-hot,272,1,30,4.799999952316284,3.8000001907348633,8.900000095367432,6.799999952316284,1.263157818786329
chromium,AgentSessionMentions,1000,hot-resolvers,1086,1,30,3.8999998569488525,3.700000047683716,8.799999952316284,10.200000047683716,1.0540540018074707
chromium,AgentSessionMentions,1000,hot-json,1086,1,30,3.299999952316284,3.1000001430511475,8.599999904632568,6.800000190734863,1.0645160645277547
chromium,ChannelListSoup,1000,hot-resolvers,4584,1,30,42.69999980926514,39.90000009536743,47.30000019073486,43.299999952316284,1.070175431258277
chromium,ChannelListSoup,1000,hot-json,4584,1,30,45.09999990463257,39.59999990463257,51.200000047683716,44.5,1.1388888892233706
chromium,ChannelUnreadPresence,1000,hot-resolvers,1170,1,30,3.9000000953674316,3.799999952316284,5.299999952316284,8.200000047683716,1.0263158274489432
chromium,ChannelUnreadPresence,1000,hot-json,1170,1,30,3.700000047683716,3.4000000953674316,7.799999952316284,5.200000047683716,1.088235277618092
chromium,EmailThreadPage,1000,hot-resolvers,6003,1,30,147.5,136.0,160.0,146.40000009536743,1.0845588235294117
chromium,EmailThreadPage,1000,hot-json,6003,1,30,163.0,154.39999985694885,180.5,173.19999980926514,1.0556994828433874
chromium,EntityActivity,1000,hot-resolvers,3002,1,30,20.0,17.200000047683716,23.700000047683716,20.5,1.1627906944508035
chromium,EntityActivity,1000,hot-json,3002,1,30,21.200000047683716,18.700000047683716,26.600000143051147,23.5,1.1336898392312926
chromium,EntityProperties,1000,hot-resolvers,3002,1,30,21.700000047683716,19.59999990463257,30.100000143051147,23.299999952316284,1.1071428649627086
chromium,EntityProperties,1000,hot-json,3002,1,30,23.199999809265137,19.299999952316284,29.399999856948853,22.5,1.2020725319473793
chromium,Favorites,1000,hot-resolvers,1002,1,30,7.200000047683716,5.900000095367432,14.0,12.899999856948853,1.220338971407309
chromium,Favorites,1000,hot-json,1002,1,30,5.299999952316284,5.0,8.399999856948853,8.0,1.0599999904632569
chromium,GroupSoup,1000,hot-resolvers,10835,1,30,282.89999985694885,157.40000009536743,292.40000009536743,176.79999995231628,1.7973316371381318
chromium,GroupSoup,1000,hot-json,10835,1,30,282.40000009536743,165.70000004768372,305.2000000476837,175.59999990463257,1.7042848522275245
chromium,GroupSoupMembership,1000,hot-resolvers,2002,1,30,6.8999998569488525,6.3999998569488525,11.299999952316284,9.200000047683716,1.0781250017462298
chromium,GroupSoupMembership,1000,hot-json,2002,1,30,6.900000095367432,6.5,8.099999904632568,9.400000095367432,1.0615384762103741
chromium,ItemPreview,1000,hot-resolvers,1002,1,30,5.1000001430511475,4.0,8.0,7.400000095367432,1.2750000357627869
chromium,ItemPreview,1000,hot-json,1002,1,30,3.8999998569488525,3.6000001430511475,5.299999952316284,7.199999809265137,1.0833332505491078
chromium,ItemPreviewFileTypeCacheWrite,1000,hot-resolvers,1002,1,30,2.8000001907348633,2.799999952316284,4.599999904632568,5.200000047683716,1.000000085149494
chromium,ItemPreviewFileTypeCacheWrite,1000,hot-json,1002,1,30,2.700000047683716,2.5,5.0,4.0,1.0800000190734864
chromium,ItemPreviewNameCacheWrite,1000,hot-resolvers,1002,1,30,5.700000047683716,4.0,11.299999952316284,11.299999952316284,1.425000011920929
chromium,ItemPreviewNameCacheWrite,1000,hot-json,1002,1,30,3.5,3.0,4.299999952316284,5.8999998569488525,1.1666666666666667
chromium,ItemPreviews,1000,hot-resolvers,1168,1,30,7.1000001430511475,6.200000047683716,10.799999952316284,11.799999952316284,1.1451613045880003
chromium,ItemPreviews,1000,hot-json,1168,1,30,7.799999952316284,4.700000047683716,9.300000190734863,7.0,1.6595744411024698
chromium,MailAccounts,1000,hot-resolvers,1002,1,30,3.5999999046325684,3.5,5.200000047683716,7.200000047683716,1.028571401323591
chromium,MailAccounts,1000,hot-json,1002,1,30,3.0,3.0,7.5,6.799999952316284,1.0
chromium,MyActivity,1000,hot-resolvers,1002,1,30,8.899999856948853,7.799999952316284,14.100000143051147,13.200000047683716,1.1410256296611787
chromium,MyActivity,1000,hot-json,1002,1,30,6.599999904632568,6.699999809265137,9.400000095367432,10.199999809265137,0.9850746406747232
chromium,MyActivityOverview,1000,hot-resolvers,2,1,30,3.5,3.200000047683716,4.6000001430511475,4.200000047683716,1.0937499837018552
chromium,MyActivityOverview,1000,hot-json,2,1,30,3.5,3.200000047683716,4.6000001430511475,5.900000095367432,1.0937499837018552
chromium,Soup,1000,hot-resolvers,6416,1,30,87.29999995231628,75.20000004768372,94.70000004768372,84.19999980926514,1.160904253948937
chromium,Soup,1000,hot-json,6416,1,30,88.29999995231628,76.79999995231628,93.0,83.19999980926514,1.149739583426304
chromium,SoupBackfill,1000,hot-resolvers,7246,1,30,116.20000004768372,96.5,127.79999995231628,110.40000009536743,1.204145078214339
chromium,SoupBackfill,1000,hot-json,7246,1,30,121.09999990463257,106.09999990463257,130.0,120.20000004768372,1.1413760604475276
chromium,SoupMailBackfill,1000,hot-resolvers,6416,1,30,87.20000004768372,76.60000014305115,98.60000014305115,88.5,1.1383811995409527
chromium,SoupMailBackfill,1000,hot-json,6416,1,30,92.10000014305115,75.20000004768372,102.10000014305115,82.0,1.2247340436788734
chromium,SoupMembership,1000,hot-resolvers,1002,1,30,3.4000000953674316,2.700000047683716,6.400000095367432,5.0,1.2592592723412113
chromium,SoupMembership,1000,hot-json,1002,1,30,2.4000000953674316,2.6000001430511475,3.5999999046325684,4.900000095367432,0.9230769089693156
chromium,SoupNotifications,1000,hot-resolvers,3002,1,30,41.700000047683716,31.899999856948853,52.40000009536743,38.200000047683716,1.3072100387047527
chromium,SoupNotifications,1000,hot-json,3002,1,30,43.40000009536743,33.80000019073486,50.799999952316284,38.39999985694885,1.2840236642147738
chromium,SoupSharedMailBackfill,1000,hot-resolvers,6416,1,30,89.70000004768372,76.0,94.5,84.0,1.1802631585221541
chromium,SoupSharedMailBackfill,1000,hot-json,6416,1,30,95.5,80.59999990463257,103.29999995231628,107.60000014305115,1.1848635249751538
chromium,ChannelListItemFields,1000,records-hot,3581,2,30,40.299999952316284,34.40000009536743,51.90000009536743,44.200000047683716,1.1715116232730298
chromium,EmailThreadMessageFields,1000,records-hot,5003,2,30,144.29999995231628,139.0,158.09999990463257,146.59999990463257,1.0381294960598293
chromium,GraphqlChannelQuickAccessFields,1000,records-hot,1002,2,30,10.899999856948853,10.700000047683716,15.0,13.0,1.018691570876061
chromium,GraphqlChatQuickAccessName,1000,records-hot,1002,2,30,5.299999952316284,5.400000095367432,6.599999904632568,7.0,0.9814814553175775
chromium,GraphqlCrmCompanyQuickAccessFields,1000,records-hot,1002,2,30,8.799999952316284,8.399999856948853,13.5,14.200000047683716,1.047619059783261
chromium,GraphqlDocumentQuickAccessName,1000,records-hot,1002,2,30,7.599999904632568,6.699999809265137,9.299999952316284,8.800000190734863,1.1343283762669456
chromium,GraphqlProjectQuickAccessName,1000,records-hot,1002,2,30,5.299999952316284,5.300000190734863,7.200000047683716,7.299999952316284,0.9999999550153641
chromium,ItemPreviewFields,1000,records-hot,1002,2,30,9.0,7.900000095367432,14.5,19.399999856948853,1.1392404925764
chromium,MailItemFields,1000,records-hot,5413,2,30,83.0,71.39999985694885,96.89999985694885,83.20000004768372,1.1624649883234166
chromium,SoupItemFields,1000,records-hot,5413,2,30,82.29999995231628,71.90000009536743,89.60000014305115,80.5,1.1446453385696023
chromium,AgentSessionMentions,10000,hot-resolvers,10836,1,10,75.79999995231628,43.09999990463257,103.79999995231628,48.90000009536743,1.7587006988408134
chromium,AgentSessionMentions,10000,hot-json,10836,1,10,64.40000009536743,44.59999990463257,99.5,47.60000014305115,1.4439461935666562
chromium,ChannelListSoup,10000,hot-resolvers,45834,1,10,1216.6000001430511,778.9000000953674,1279.2999999523163,880.1000001430511,1.5619463345668152
chromium,ChannelListSoup,10000,hot-json,45834,1,10,1206.9000000953674,808.3999998569489,1285.2999999523163,837.8000001907349,1.49294903551328
chromium,ChannelUnreadPresence,10000,hot-resolvers,11670,1,10,68.0,45.799999952316284,77.59999990463257,50.200000047683716,1.4847161587510214
chromium,ChannelUnreadPresence,10000,hot-json,11670,1,10,71.70000004768372,46.5,75.5,58.90000009536743,1.541935484896424
chromium,EmailThreadPage,10000,hot-resolvers,60003,1,10,3127.5,2265.7999999523163,3243.399999856949,2437.5999999046326,1.3803071763023296
chromium,EmailThreadPage,10000,hot-json,60003,1,10,3371.7000000476837,2530.5,3579.5,2550.2999999523163,1.3324244220698216
chromium,EntityActivity,10000,hot-resolvers,30002,1,10,600.9000000953674,395.89999985694885,636.5,416.40000009536743,1.5178075279426408
chromium,EntityActivity,10000,hot-json,30002,1,10,591.4000000953674,396.89999985694885,644.2000000476837,424.90000009536743,1.4900478717775774
chromium,EntityProperties,10000,hot-resolvers,30002,1,10,625.7000000476837,414.40000009536743,657.7000000476837,446.2000000476837,1.5098938221614118
chromium,EntityProperties,10000,hot-json,30002,1,10,636.7000000476837,424.7000000476837,664.5,441.5,1.499175888806681
chromium,Favorites,10000,hot-resolvers,10002,1,10,113.70000004768372,66.70000004768372,120.20000004768372,73.29999995231628,1.7046476756581677
chromium,Favorites,10000,hot-json,10002,1,10,114.20000004768372,71.79999995231628,121.90000009536743,75.89999985694885,1.5905292496312822
chromium,GroupSoup,10000,hot-resolvers,108335,1,10,4074.2000000476837,2834.7999999523163,4206.700000047684,2936.5999999046326,1.4372089742190683
chromium,GroupSoup,10000,hot-json,108335,1,10,4060.100000143051,2935.899999856949,4132.599999904633,2973.0,1.3829149495353652
chromium,GroupSoupMembership,10000,hot-resolvers,20002,1,10,244.20000004768372,161.40000009536743,281.90000009536743,170.20000004768372,1.5130111518177927
chromium,GroupSoupMembership,10000,hot-json,20002,1,10,240.09999990463257,162.30000019073486,254.79999995231628,176.20000004768372,1.4793592090108885
chromium,ItemPreview,10000,hot-resolvers,10002,1,10,91.20000004768372,45.89999985694885,111.5,50.200000047683716,1.9869281118064501
chromium,ItemPreview,10000,hot-json,10002,1,10,82.59999990463257,45.0,93.40000009536743,52.5,1.8355555534362793
chromium,ItemPreviewFileTypeCacheWrite,10000,hot-resolvers,10002,1,10,44.0,30.5,48.5,42.40000009536743,1.4426229508196722
chromium,ItemPreviewFileTypeCacheWrite,10000,hot-json,10002,1,10,44.10000014305115,32.0,50.200000047683716,38.5,1.3781250044703484
chromium,ItemPreviewNameCacheWrite,10000,hot-resolvers,10002,1,10,74.70000004768372,41.299999952316284,88.09999990463257,46.700000047683716,1.8087167102646502
chromium,ItemPreviewNameCacheWrite,10000,hot-json,10002,1,10,70.70000004768372,43.89999985694885,85.29999995231628,48.09999990463257,1.610478366242927
chromium,ItemPreviews,10000,hot-resolvers,11668,1,10,135.10000014305115,82.39999985694885,147.20000004768372,88.0,1.63956311137855
chromium,ItemPreviews,10000,hot-json,11668,1,10,129.79999995231628,80.20000004768372,133.89999985694885,96.39999985694885,1.6184538637798302
chromium,MailAccounts,10000,hot-resolvers,10002,1,10,57.39999985694885,37.299999952316284,60.700000047683716,39.80000019073486,1.53887399277019
chromium,MailAccounts,10000,hot-json,10002,1,10,57.80000019073486,38.89999985694885,62.0,41.80000019073486,1.485861192886607
chromium,MyActivity,10000,hot-resolvers,10002,1,10,132.39999985694885,80.90000009536743,147.89999985694885,83.10000014305115,1.6365883770194267
chromium,MyActivity,10000,hot-json,10002,1,10,142.0,85.09999990463257,170.90000009536743,91.40000009536743,1.6686251487559636
chromium,MyActivityOverview,10000,hot-resolvers,2,1,10,32.200000047683716,29.600000143051147,37.299999952316284,34.799999952316284,1.0878378341914616
chromium,MyActivityOverview,10000,hot-json,2,1,10,32.80000019073486,32.200000047683716,36.5,38.89999985694885,1.0186335447876593
chromium,Soup,10000,hot-resolvers,64166,1,10,2076.5,1387.4000000953674,2233.7000000476837,1431.2000000476837,1.4966844456229387
chromium,Soup,10000,hot-json,64166,1,10,2120.5999999046326,1424.0,2171.699999809265,1517.7000000476837,1.4891853931914554
chromium,SoupBackfill,10000,hot-resolvers,72496,1,10,3203.7000000476837,1808.8000001907349,3323.0,1871.5999999046326,1.77117425901695
chromium,SoupBackfill,10000,hot-json,72496,1,10,3259.699999809265,1900.5,3329.800000190735,1974.2000000476837,1.7151802156323415
chromium,SoupMailBackfill,10000,hot-resolvers,64166,1,10,2030.7999999523163,1401.0999999046326,2169.100000143051,1445.2000000476837,1.4494325887449468
chromium,SoupMailBackfill,10000,hot-json,64166,1,10,2091.899999856949,1431.3999998569489,2143.5,1483.1000001430511,1.4614363560612051
chromium,SoupMembership,10000,hot-resolvers,10002,1,10,43.90000009536743,27.300000190734863,55.59999990463257,28.600000143051147,1.608058600317018
chromium,SoupMembership,10000,hot-json,10002,1,10,51.0,29.299999952316284,52.90000009536743,36.0,1.7406143373037188
chromium,SoupNotifications,10000,hot-resolvers,30002,1,10,1000.5,608.7000000476837,1073.4000000953674,631.5999999046326,1.6436668308224476
chromium,SoupNotifications,10000,hot-json,30002,1,10,1009.2000000476837,629.0999999046326,1061.2999999523163,650.4000000953674,1.6041964714682433
chromium,SoupSharedMailBackfill,10000,hot-resolvers,64166,1,10,2092.600000143051,1424.5,2191.2999999523163,1460.8999998569489,1.469006669107091
chromium,SoupSharedMailBackfill,10000,hot-json,64166,1,10,2156.899999856949,1486.0999999046326,2292.4000000953674,1557.2999999523163,1.4513828140739946
chromium,ChannelListItemFields,10000,records-hot,35831,20,10,953.2999999523163,759.7999999523163,1034.6000001430511,802.7999999523163,1.2546722821955036
chromium,EmailThreadMessageFields,10000,records-hot,50003,20,10,2834.7999999523163,2340.199999809265,2975.9000000953674,2366.399999856949,1.2113494573896944
chromium,GraphqlChannelQuickAccessFields,10000,records-hot,10002,20,10,115.20000004768372,109.69999980926514,135.79999995231628,195.70000004768372,1.0501367388147804
chromium,GraphqlChatQuickAccessName,10000,records-hot,10002,20,10,65.0,58.799999952316284,82.30000019073486,68.90000009536743,1.1054421777672039
chromium,GraphqlCrmCompanyQuickAccessFields,10000,records-hot,10002,20,10,85.90000009536743,81.90000009536743,105.59999990463257,95.80000019073486,1.0488400487831777
chromium,GraphqlDocumentQuickAccessName,10000,records-hot,10002,20,10,83.20000004768372,75.70000004768372,102.59999990463257,85.39999985694885,1.0990752971634838
chromium,GraphqlProjectQuickAccessName,10000,records-hot,10002,20,10,63.39999985694885,58.59999990463257,87.09999990463257,66.0,1.0819112621182245
chromium,ItemPreviewFields,10000,records-hot,10002,20,10,68.70000004768372,66.59999990463257,79.0,85.70000004768372,1.031531533724598
chromium,MailItemFields,10000,records-hot,54163,20,10,1780.5,1472.5,1849.6000001430511,1519.0999999046326,1.2091680814940577
chromium,SoupItemFields,10000,records-hot,54163,20,10,1771.6000001430511,1460.2000000476837,1878.5999999046326,1527.2000000476837,1.2132584578038614
firefox,AgentSessionMentions,50,hot-resolvers,57,1,30,1.259999999999991,1.1599999999999682,1.900000000000091,1.5399999999999636,1.0862068965517462
firefox,AgentSessionMentions,50,hot-json,57,1,30,1.1800000000000637,1.240000000000009,2.0599999999999454,1.9400000000000546,0.9516129032258508
firefox,ChannelListSoup,50,hot-resolvers,231,1,30,8.220000000000027,6.599999999999909,10.519999999999982,9.220000000000027,1.2454545454545667
firefox,ChannelListSoup,50,hot-json,231,1,30,8.980000000000018,6.559999999999945,12.460000000000036,9.059999999999945,1.3689024390244044
firefox,ChannelUnreadPresence,50,hot-resolvers,60,1,30,1.3799999999996544,1.1799999999998363,2.5200000000004366,1.5600000000004002,1.1694915254235982
firefox,ChannelUnreadPresence,50,hot-json,60,1,30,1.1399999999998727,1.1399999999998727,1.7199999999998,1.5200000000004366,1.0
firefox,EmailThreadPage,50,hot-resolvers,303,1,30,24.699999999999818,20.740000000000236,30.059999999999945,27.440000000000055,1.19093539054964
firefox,EmailThreadPage,50,hot-json,303,1,30,25.18000000000029,22.0,36.52000000000044,32.4399999999996,1.1445454545454679
firefox,EntityActivity,50,hot-resolvers,152,1,30,4.1599999999998545,3.4600000000000364,4.880000000000109,4.6599999999998545,1.202312138728269
firefox,EntityActivity,50,hot-json,152,1,30,4.239999999999782,3.4200000000000728,6.140000000000327,5.260000000000218,1.2397660818712548
firefox,EntityProperties,50,hot-resolvers,152,1,30,4.600000000000364,3.880000000000109,7.1599999999998545,5.079999999999927,1.1855670103093388
firefox,EntityProperties,50,hot-json,152,1,30,4.559999999999491,4.1599999999998545,7.019999999999527,5.640000000000327,1.096153846153762
firefox,Favorites,50,hot-resolvers,52,1,30,2.0,1.8200000000006185,2.819999999999709,2.300000000000182,1.0989010989007255
firefox,Favorites,50,hot-json,52,1,30,1.8800000000001091,1.8599999999996726,2.7799999999997453,2.259999999999309,1.0107526881722797
firefox,GroupSoup,50,hot-resolvers,542,1,30,33.11999999999898,24.55999999999949,37.54000000000087,33.94000000000051,1.3485342019543838
firefox,GroupSoup,50,hot-json,542,1,30,32.54000000000087,24.020000000000437,37.159999999999854,31.640000000001237,1.3547044129891874
firefox,GroupSoupMembership,50,hot-resolvers,102,1,30,1.7399999999997817,1.8399999999983265,2.1599999999998545,2.3800000000010186,0.9456521739137849
firefox,GroupSoupMembership,50,hot-json,102,1,30,1.9399999999986903,1.8400000000001455,2.599999999998545,2.4200000000000728,1.0543478260861614
firefox,ItemPreview,50,hot-resolvers,52,1,30,1.7999999999992724,1.360000000000582,2.180000000000291,2.0200000000004366,1.3235294117636045
firefox,ItemPreview,50,hot-json,52,1,30,1.679999999998472,1.2800000000006548,2.140000000001237,1.7399999999997817,1.3124999999981348
firefox,ItemPreviewFileTypeCacheWrite,50,hot-resolvers,52,1,30,1.5200000000004366,1.180000000000291,2.899999999999636,2.7599999999983993,1.2881355932203913
firefox,ItemPreviewFileTypeCacheWrite,50,hot-json,52,1,30,1.5,0.9200000000000728,2.6200000000008004,1.140000000001237,1.6304347826085668
firefox,ItemPreviewNameCacheWrite,50,hot-resolvers,52,1,30,1.360000000000582,1.2200000000011642,1.7799999999988358,1.8800000000010186,1.1147540983600692
firefox,ItemPreviewNameCacheWrite,50,hot-json,52,1,30,1.360000000000582,1.1000000000003638,1.819999999999709,1.6000000000003638,1.2363636363637567
firefox,ItemPreviews,50,hot-resolvers,60,1,30,2.1200000000008004,1.5799999999999272,3.2399999999997817,1.819999999999709,1.3417721518993024
firefox,ItemPreviews,50,hot-json,60,1,30,2.0200000000004366,1.680000000000291,2.639999999999418,2.279999999998836,1.2023809523810038
firefox,MailAccounts,50,hot-resolvers,52,1,30,1.2399999999997817,1.1199999999989814,1.5799999999999272,1.4400000000005093,1.1071428571436692
firefox,MailAccounts,50,hot-json,52,1,30,1.2199999999993452,1.0399999999990541,2.4800000000013824,1.3400000000001455,1.1730769230773603
firefox,MyActivity,50,hot-resolvers,52,1,30,2.4799999999995634,1.7999999999992724,4.3400000000001455,3.7600000000002183,1.3777777777780922
firefox,MyActivity,50,hot-json,52,1,30,2.0,1.680000000000291,2.7599999999983993,2.4400000000005093,1.1904761904759842
firefox,MyActivityOverview,50,hot-resolvers,2,1,30,1.4400000000005093,1.2600000000002183,1.8999999999996362,1.7800000000006548,1.142857142857349
firefox,MyActivityOverview,50,hot-json,2,1,30,1.2600000000002183,1.2600000000002183,1.8400000000001455,1.9400000000005093,1.0
firefox,Soup,50,hot-resolvers,323,1,30,17.039999999999054,12.799999999999272,21.100000000000364,18.780000000000655,1.3312500000000018
firefox,Soup,50,hot-json,323,1,30,16.81999999999971,12.799999999999272,22.640000000003056,18.639999999999418,1.3140625000000519
firefox,SoupBackfill,50,hot-resolvers,363,1,30,23.92000000000189,16.220000000001164,29.38000000000102,20.659999999999854,1.474722564734906
firefox,SoupBackfill,50,hot-json,363,1,30,21.780000000002474,16.580000000001746,28.139999999999418,21.7400000000016,1.3136308805790218
firefox,SoupMailBackfill,50,hot-resolvers,323,1,30,16.959999999999127,12.399999999997817,20.899999999997817,17.520000000000437,1.3677419354840412
firefox,SoupMailBackfill,50,hot-json,323,1,30,16.7599999999984,12.900000000001455,19.860000000000582,18.299999999999272,1.2992248062012797
firefox,SoupMembership,50,hot-resolvers,52,1,30,1.0999999999985448,1.1199999999989814,2.680000000000291,1.3999999999978172,0.9821428571424511
firefox,SoupMembership,50,hot-json,52,1,30,0.9199999999982538,1.1000000000021828,1.5400000000008731,1.8800000000010186,0.8363636363603892
firefox,SoupNotifications,50,hot-resolvers,152,1,30,8.760000000002037,6.299999999999272,10.959999999999127,13.040000000000873,1.3904761904766745
firefox,SoupNotifications,50,hot-json,152,1,30,9.06000000000131,6.580000000001746,13.819999999999709,8.540000000000873,1.3768996960484658
firefox,SoupSharedMailBackfill,50,hot-resolvers,323,1,30,17.799999999999272,12.760000000002037,26.099999999998545,19.68000000000029,1.394984326018529
firefox,SoupSharedMailBackfill,50,hot-json,323,1,30,19.81999999999971,13.159999999999854,25.020000000000437,20.42000000000189,1.5060790273556177
firefox,ChannelListItemFields,50,records-hot,180,1,30,7.420000000001892,6.919999999998254,10.93999999999869,9.539999999997235,1.0722543352606595
firefox,EmailThreadMessageFields,50,records-hot,253,1,30,25.0,20.0,30.200000000000728,23.860000000000582,1.25
firefox,GraphqlChannelQuickAccessFields,50,records-hot,52,1,30,2.6199999999989814,2.4200000000018917,3.4399999999986903,3.6599999999998545,1.0826446280979063
firefox,GraphqlChatQuickAccessName,50,records-hot,52,1,30,1.680000000000291,1.7200000000011642,2.360000000000582,2.8400000000001455,0.9767441860460198
firefox,GraphqlCrmCompanyQuickAccessFields,50,records-hot,52,1,30,2.100000000002183,2.4400000000023283,2.540000000000873,3.220000000001164,0.8606557377049914
firefox,GraphqlDocumentQuickAccessName,50,records-hot,52,1,30,1.9599999999991269,2.0200000000004366,3.0599999999976717,2.3800000000010186,0.9702970297023283
firefox,GraphqlProjectQuickAccessName,50,records-hot,52,1,30,1.639999999999418,1.9799999999995634,2.539999999997235,2.4799999999995634,0.8282828282827169
firefox,ItemPreviewFields,50,records-hot,52,1,30,1.7200000000011642,1.6599999999998545,2.099999999998545,2.0799999999981083,1.036144578314045
firefox,MailItemFields,50,records-hot,272,1,30,15.860000000000582,12.159999999999854,21.779999999998836,18.780000000002474,1.3042763157895372
firefox,SoupItemFields,50,records-hot,272,1,30,15.840000000003783,10.920000000001892,20.260000000002037,15.2599999999984,1.4505494505495458
firefox,AgentSessionMentions,1000,hot-resolvers,1086,1,30,12.799999999999955,11.2199999999998,15.319999999999936,14.199999999999818,1.1408199643493924
firefox,AgentSessionMentions,1000,hot-json,1086,1,30,12.279999999999973,11.0,17.22000000000003,13.240000000000009,1.1163636363636338
firefox,ChannelListSoup,1000,hot-resolvers,4584,1,30,173.73999999999975,128.92000000000007,219.21999999999753,156.42000000000004,1.3476574619919304
firefox,ChannelListSoup,1000,hot-json,4584,1,30,182.0799999999981,137.63999999999942,210.38000000000102,149.29999999999927,1.3228712583551212
firefox,ChannelUnreadPresence,1000,hot-resolvers,1170,1,30,13.619999999998981,10.460000000002765,16.299999999999272,13.040000000000873,1.3021032504775698
firefox,ChannelUnreadPresence,1000,hot-json,1170,1,30,12.359999999996944,11.360000000000582,15.639999999999418,15.720000000001164,1.0880281690137596
firefox,EmailThreadPage,1000,hot-resolvers,6003,1,30,550.7400000000052,459.5200000000041,613.0800000000017,502.23999999999796,1.1985114902506973
firefox,EmailThreadPage,1000,hot-json,6003,1,30,582.4400000000023,498.6600000000035,654.3800000000047,528.1599999999963,1.168010267516942
firefox,EntityActivity,1000,hot-resolvers,3002,1,30,85.47999999999593,62.24000000000524,92.94000000000233,70.89999999999418,1.3733933161951917
firefox,EntityActivity,1000,hot-json,3002,1,30,85.24000000000524,63.419999999998254,97.90000000000873,75.93999999999505,1.34405550299602
firefox,EntityProperties,1000,hot-resolvers,3002,1,30,84.02000000000407,68.55999999999767,92.08000000000175,73.88000000000466,1.2254959159860987
firefox,EntityProperties,1000,hot-json,3002,1,30,84.73999999999069,67.74000000000524,94.55999999999767,83.74000000000524,1.2509595512250389
firefox,Favorites,1000,hot-resolvers,1002,1,30,27.479999999995925,24.119999999995343,33.31999999999243,30.419999999998254,1.1393034825871158
firefox,Favorites,1000,hot-json,1002,1,30,26.580000000001746,24.34000000001106,33.04000000000815,29.179999999993015,1.0920295809363052
firefox,GroupSoup,1000,hot-resolvers,10835,1,30,1152.1199999999953,490.4799999999959,1243.3399999999965,574.7599999999948,2.348964279889098
firefox,GroupSoup,1000,hot-json,10835,1,30,1141.6399999999849,520.0799999999872,1220.859999999986,586.8800000000047,2.1951238271035476
firefox,GroupSoupMembership,1000,hot-resolvers,2002,1,30,31.619999999995343,27.84000000002561,38.5,30.5,1.1357758620677534
firefox,GroupSoupMembership,1000,hot-json,2002,1,30,33.5,30.14000000001397,42.73999999999069,36.97999999998137,1.1114797611142824
firefox,ItemPreview,1000,hot-resolvers,1002,1,30,20.05999999999767,13.959999999991851,26.55999999999767,17.35999999998603,1.4369627507170044
firefox,ItemPreview,1000,hot-json,1002,1,30,21.360000000015134,13.539999999979045,24.779999999998836,17.839999999996508,1.5775480059119786
firefox,ItemPreviewFileTypeCacheWrite,1000,hot-resolvers,1002,1,30,10.200000000011642,8.980000000010477,13.300000000017462,11.679999999993015,1.13585746102447
firefox,ItemPreviewFileTypeCacheWrite,1000,hot-json,1002,1,30,9.860000000015134,9.059999999997672,13.779999999998836,12.079999999987194,1.0883002207525019
firefox,ItemPreviewNameCacheWrite,1000,hot-resolvers,1002,1,30,19.820000000006985,11.119999999995343,25.339999999996508,13.879999999975553,1.782374100720799
firefox,ItemPreviewNameCacheWrite,1000,hot-json,1002,1,30,17.279999999998836,12.239999999990687,21.44000000000233,15.299999999988358,1.411764705883332
firefox,ItemPreviews,1000,hot-resolvers,1168,1,30,26.679999999993015,20.320000000006985,31.179999999993015,28.54000000000815,1.312992125983457
firefox,ItemPreviews,1000,hot-json,1168,1,30,27.980000000010477,21.44000000000233,32.920000000012806,28.480000000010477,1.3050373134331827
firefox,MailAccounts,1000,hot-resolvers,1002,1,30,14.380000000004657,14.779999999998836,17.760000000009313,18.360000000015134,0.9729364005416636
firefox,MailAccounts,1000,hot-json,1002,1,30,14.179999999993015,13.420000000012806,22.019999999989523,16.400000000023283,1.0566318926959377
firefox,MyActivity,1000,hot-resolvers,1002,1,30,36.320000000006985,25.419999999983702,41.95999999999185,32.18000000002212,1.4287962234472964
firefox,MyActivity,1000,hot-json,1002,1,30,33.60000000000582,25.619999999995343,42.820000000006985,33.90000000002328,1.311475409836531
firefox,MyActivityOverview,1000,hot-resolvers,2,1,30,13.980000000010477,9.959999999991851,19.260000000009313,14.10000000000582,1.4036144578335257
firefox,MyActivityOverview,1000,hot-json,2,1,30,13.64000000001397,10.279999999998836,19.220000000001164,14.220000000001164,1.3268482490287465
firefox,Soup,1000,hot-resolvers,6416,1,30,356.2399999999907,240.02000000001863,423.9400000000023,273.35999999998603,1.4842096491957464
firefox,Soup,1000,hot-json,6416,1,30,352.77999999999884,251.17999999999302,415.9400000000023,270.11999999999534,1.404490803407949
firefox,SoupBackfill,1000,hot-resolvers,7246,1,30,446.61999999999534,317.95999999999185,494.0599999999977,373.53999999997905,1.4046420933450963
firefox,SoupBackfill,1000,hot-json,7246,1,30,448.3399999999674,329.3199999999779,496.4199999999837,347.2599999999802,1.3614113931738052
firefox,SoupMailBackfill,1000,hot-resolvers,6416,1,30,354.9799999999814,241.44000000000233,433.95999999996275,266.78000000002794,1.4702617627567012
firefox,SoupMailBackfill,1000,hot-json,6416,1,30,357.20000000001164,253.05999999999767,433.1600000000326,297.45999999999185,1.4115229589821185
firefox,SoupMembership,1000,hot-resolvers,1002,1,30,11.679999999993015,9.279999999998836,25.5,10.89999999999418,1.2586206896545775
firefox,SoupMembership,1000,hot-json,1002,1,30,10.600000000034925,9.940000000002328,14.459999999962747,16.220000000001164,1.066398390345316
firefox,SoupNotifications,1000,hot-resolvers,3002,1,30,189.05999999999767,120.38000000000466,217.44000000000233,147.85999999998603,1.570526665558983
firefox,SoupNotifications,1000,hot-json,3002,1,30,189.89999999996508,126.10000000003492,210.5,167.35999999998603,1.5059476605861417
firefox,SoupSharedMailBackfill,1000,hot-resolvers,6416,1,30,362.70000000001164,251.0,397.6000000000349,320.5800000000163,1.4450199203187715
firefox,SoupSharedMailBackfill,1000,hot-json,6416,1,30,364.9799999999814,266.70000000001164,458.4400000000023,315.8999999999651,1.3685039370077445
firefox,ChannelListItemFields,1000,records-hot,3581,2,30,162.89999999996508,120.76000000000931,184.0,135.96000000002095,1.3489566081480002
firefox,EmailThreadMessageFields,1000,records-hot,5003,2,30,519.0800000000163,454.6600000000326,563.0199999999604,475.4000000000233,1.1416882945497275
firefox,GraphqlChannelQuickAccessFields,1000,records-hot,1002,2,30,50.5,45.820000000006985,58.76000000000931,53.28000000002794,1.1021388040155458
firefox,GraphqlChatQuickAccessName,1000,records-hot,1002,2,30,32.0,28.160000000032596,39.11999999999534,35.20000000001164,1.136363636362321
firefox,GraphqlCrmCompanyQuickAccessFields,1000,records-hot,1002,2,30,40.13999999995576,37.820000000006985,47.48000000003958,41.88000000000466,1.0613432046522566
firefox,GraphqlDocumentQuickAccessName,1000,records-hot,1002,2,30,38.77999999996973,32.01999999996042,50.820000000006985,38.44000000000233,1.2111180512185407
firefox,GraphqlProjectQuickAccessName,1000,records-hot,1002,2,30,27.78000000002794,27.900000000023283,33.88000000000466,36.64000000001397,0.9956989247313532
firefox,ItemPreviewFields,1000,records-hot,1002,2,30,32.45999999996275,27.760000000009313,39.4199999999837,36.88000000000466,1.169308357346969
firefox,MailItemFields,1000,records-hot,5413,2,30,342.21999999997206,242.01999999996042,402.4200000000419,296.5199999999604,1.4140153706306422
firefox,SoupItemFields,1000,records-hot,5413,2,30,340.5,245.38000000000466,390.46000000002095,282.54000000003725,1.3876436547395612
firefox,AgentSessionMentions,10000,hot-resolvers,10836,1,10,296.2399999999998,157.2400000000016,436.5599999999995,165.92000000000004,1.8839989824471939
firefox,AgentSessionMentions,10000,hot-json,10836,1,10,301.7399999999998,162.27999999999884,410.21999999999935,180.15999999999985,1.8593788513680178
firefox,ChannelListSoup,10000,hot-resolvers,45834,1,10,4676.040000000008,2775.7400000000052,4950.8399999999965,2847.820000000007,1.6846102300647754
firefox,ChannelListSoup,10000,hot-json,45834,1,10,4630.319999999978,2823.5,4733.400000000023,2849.6000000000054,1.639922082521685
firefox,ChannelUnreadPresence,10000,hot-resolvers,11670,1,10,315.820000000007,189.61999999999534,345.0,195.19999999998254,1.665541609534937
firefox,ChannelUnreadPresence,10000,hot-json,11670,1,10,323.03999999997905,184.8399999999965,336.77999999999884,200.10000000000582,1.7476736637090735
firefox,EmailThreadPage,10000,hot-resolvers,60003,1,10,11625.819999999947,7902.179999999992,11844.200000000012,8151.559999999999,1.4712168034643553
firefox,EmailThreadPage,10000,hot-json,60003,1,10,11816.640000000016,8193.299999999988,12032.919999999984,8539.119999999997,1.442232067665047
firefox,EntityActivity,10000,hot-resolvers,30002,1,10,2267.4599999999627,1376.740000000049,2394.179999999935,1433.5800000000163,1.646977642837342
firefox,EntityActivity,10000,hot-json,30002,1,10,2257.9199999999255,1421.9599999999627,2397.039999999921,1451.2999999999884,1.5878927677290393
firefox,EntityProperties,10000,hot-resolvers,30002,1,10,2348.2399999999907,1447.8000000000466,2409.5,1572.0200000000186,1.621936731592703
firefox,EntityProperties,10000,hot-json,30002,1,10,2324.039999999921,1453.3399999999674,2428.0,1549.2399999999907,1.5991027564093556
firefox,Favorites,10000,hot-resolvers,10002,1,10,522.2999999999302,256.6600000000326,631.8400000000838,276.9799999999814,2.0349879217636713
firefox,Favorites,10000,hot-json,10002,1,10,517.0999999999767,260.6600000000326,591.5999999999767,331.11999999999534,1.9838103276295254
firefox,GroupSoup,10000,hot-resolvers,108335,1,10,14439.26000000001,9424.0,14759.459999999963,9518.099999999979,1.5321795415959263
firefox,GroupSoup,10000,hot-json,108335,1,10,14426.120000000112,9631.180000000053,14721.219999999972,9854.040000000037,1.4978559221196193
firefox,GroupSoupMembership,10000,hot-resolvers,20002,1,10,901.1799999999348,603.3800000001211,1009.5200000000186,703.7600000000093,1.4935529848515927
firefox,GroupSoupMembership,10000,hot-json,20002,1,10,899.5399999998044,616.2800000000279,982.3000000000466,659.9799999999814,1.4596287401826502
firefox,ItemPreview,10000,hot-resolvers,10002,1,10,399.2600000000093,170.80000000004657,412.8400000000838,198.660000000149,2.337587822013469
firefox,ItemPreview,10000,hot-json,10002,1,10,398.0,176.60000000009313,421.45999999996275,198.43999999994412,2.253680634200397
firefox,ItemPreviewFileTypeCacheWrite,10000,hot-resolvers,10002,1,10,213.78000000002794,116.04000000003725,230.63999999989755,125.06000000005588,1.8422957600823795
firefox,ItemPreviewFileTypeCacheWrite,10000,hot-json,10002,1,10,222.02000000001863,118.39999999990687,248.4199999999255,133.5,1.8751689189205512
firefox,ItemPreviewNameCacheWrite,10000,hot-resolvers,10002,1,10,343.70000000018626,150.0,368.10000000009313,158.57999999984168,2.291333333334575
firefox,ItemPreviewNameCacheWrite,10000,hot-json,10002,1,10,344.80000000004657,147.19999999995343,379.0799999998417,153.44000000017695,2.3423913043488835
firefox,ItemPreviews,10000,hot-resolvers,11668,1,10,586.6200000001118,278.69999999995343,668.9399999999441,290.10000000009313,2.1048439181923566
firefox,ItemPreviews,10000,hot-json,11668,1,10,590.7199999999721,283.3800000001211,625.0600000000559,312.9600000001956,2.084550779870561
firefox,MailAccounts,10000,hot-resolvers,10002,1,10,283.71999999997206,159.0999999998603,344.79999999981374,179.44000000017695,1.7832809553753688
firefox,MailAccounts,10000,hot-json,10002,1,10,279.60000000009313,166.56000000005588,364.19999999995343,290.6199999998789,1.6786743515850104
firefox,MyActivity,10000,hot-resolvers,10002,1,10,613.3800000001211,295.3400000000838,686.2800000000279,340.81999999983236,2.076860567481367
firefox,MyActivity,10000,hot-json,10002,1,10,616.4599999999627,304.4200000001583,706.4799999999814,323.45999999996275,2.025031206884049
firefox,MyActivityOverview,10000,hot-resolvers,2,1,10,133.02000000001863,102.07999999984168,149.839999999851,118.94000000017695,1.30309561128747
firefox,MyActivityOverview,10000,hot-json,2,1,10,134.97999999998137,108.71999999997206,183.64000000013039,156.37999999988824,1.2415378955115532
firefox,Soup,10000,hot-resolvers,64166,1,10,7760.399999999907,4841.420000000158,7946.380000000121,4939.659999999916,1.602918152112325
firefox,Soup,10000,hot-json,64166,1,10,7806.260000000009,4917.880000000121,7879.0800000000745,5027.619999999879,1.5873221794756718
firefox,SoupBackfill,10000,hot-resolvers,72496,1,10,12075.080000000075,6088.180000000168,12298.240000000224,6331.840000000084,1.9833644865952949
firefox,SoupBackfill,10000,hot-json,72496,1,10,12006.040000000037,6315.060000000056,12148.439999999944,6550.5800000000745,1.9011759191519844
firefox,SoupMailBackfill,10000,hot-resolvers,64166,1,10,7860.560000000056,4791.239999999991,8017.360000000335,4975.85999999987,1.6406107813426318
firefox,SoupMailBackfill,10000,hot-json,64166,1,10,7782.0999999996275,4893.64000000013,8137.5800000000745,5031.479999999981,1.590247750140881
firefox,SoupMembership,10000,hot-resolvers,10002,1,10,202.7799999997951,113.19999999995343,228.93999999994412,121.93999999994412,1.7913427561826725
firefox,SoupMembership,10000,hot-json,10002,1,10,208.74000000022352,112.66000000014901,216.39999999990687,126.26000000000931,1.8528315284923436
firefox,SoupNotifications,10000,hot-resolvers,30002,1,10,3941.0999999996275,2094.5,4041.060000000056,2151.7399999999907,1.8816423967532239
firefox,SoupNotifications,10000,hot-json,30002,1,10,3924.6200000001118,2103.9599999999627,4008.0,2213.6399999998976,1.8653491511246323
firefox,SoupSharedMailBackfill,10000,hot-resolvers,64166,1,10,8117.0999999996275,4987.219999999739,8247.19999999972,5114.439999999944,1.6275800947221202
firefox,SoupSharedMailBackfill,10000,hot-json,64166,1,10,8060.699999999721,5049.2599999997765,8214.28000000026,5125.7400000002235,1.5964121475226225
firefox,ChannelListItemFields,10000,records-hot,35831,20,10,3667.060000000056,2797.399999999907,3762.3599999998696,2945.5800000000745,1.3108815328519976
firefox,EmailThreadMessageFields,10000,records-hot,50003,20,10,10120.379999999888,7953.719999999739,10292.100000000093,8208.0,1.2724083824927481
firefox,GraphqlChannelQuickAccessFields,10000,records-hot,10002,20,10,565.0399999995716,524.0999999996275,615.320000000298,614.5800000000745,1.0781148635756024
firefox,GraphqlChatQuickAccessName,10000,records-hot,10002,20,10,290.79999999981374,301.3600000003353,344.65999999968335,338.0,0.9649588531971404
firefox,GraphqlCrmCompanyQuickAccessFields,10000,records-hot,10002,20,10,406.87999999988824,403.87999999988824,440.4399999999441,462.65999999968335,1.0074279488957136
firefox,GraphqlDocumentQuickAccessName,10000,records-hot,10002,20,10,375.95999999996275,371.339999999851,479.8000000002794,391.54000000003725,1.0124414283409102
firefox,GraphqlProjectQuickAccessName,10000,records-hot,10002,20,10,324.3599999998696,309.18000000016764,361.12000000011176,356.5800000000745,1.0490976130399565
firefox,ItemPreviewFields,10000,records-hot,10002,20,10,328.5600000000559,286.12000000011176,398.10000000009313,325.81999999983236,1.148329372291093
firefox,MailItemFields,10000,records-hot,54163,20,10,6798.799999999814,5042.660000000149,6964.0800000000745,5140.159999999683,1.3482566740568693
firefox,SoupItemFields,10000,records-hot,54163,20,10,6682.300000000279,5005.439999999944,6718.179999999702,5250.939999999944,1.335007511827203
