host,matrix,operation,fixture_size,cache_records,fixture_normalized_records,hot_capacity,requests_per_read,scenario,samples,p50_us,p95_us
native,result-size,AgentSessionMentions,50,57,57,10000,1,hot-json,20,52.349000000000004,71.857
native,result-size,AgentSessionMentions,50,57,57,10000,1,hot-resolvers,20,35.342999999999996,35.852999999999994
native,result-size,AgentSessionMentions,1000,1086,1086,10000,1,hot-json,20,1214.162,1487.602
native,result-size,AgentSessionMentions,1000,1086,1086,10000,1,hot-resolvers,20,767.632,1064.707
native,result-size,AgentSessionMentions,10000,10836,10836,10000,1,hot-json,20,57267.405,85339.43500000001
native,result-size,AgentSessionMentions,10000,10836,10836,10000,1,hot-resolvers,20,40778.11,57946.183
native,result-size,ChannelListSoup,50,231,231,10000,1,hot-json,20,943.385,1108.803
native,result-size,ChannelListSoup,50,231,231,10000,1,hot-resolvers,20,628.723,653.14
native,result-size,ChannelListSoup,1000,4584,4584,10000,1,hot-json,20,35967.934,41680.934
native,result-size,ChannelListSoup,1000,4584,4584,10000,1,hot-resolvers,20,23842.616,26489.597
native,result-size,ChannelListSoup,10000,45834,45834,10000,1,hot-json,20,1233974.7189999998,1300805.139
native,result-size,ChannelListSoup,10000,45834,45834,10000,1,hot-resolvers,20,983291.2459999999,1087111.594
native,result-size,ChannelUnreadPresence,50,60,60,10000,1,hot-json,20,51.678000000000004,77.84700000000001
native,result-size,ChannelUnreadPresence,50,60,60,10000,1,hot-resolvers,20,52.719,54.312
native,result-size,ChannelUnreadPresence,1000,1170,1170,10000,1,hot-json,20,1140.521,1373.871
native,result-size,ChannelUnreadPresence,1000,1170,1170,10000,1,hot-resolvers,20,1256.525,1270.3059999999998
native,result-size,ChannelUnreadPresence,10000,11670,11670,10000,1,hot-json,20,51397.028999999995,61260.936
native,result-size,ChannelUnreadPresence,10000,11670,11670,10000,1,hot-resolvers,20,42244.579999999994,45850.989
native,result-size,EmailThreadPage,50,303,303,10000,1,hot-json,20,2356.194,3491.337
native,result-size,EmailThreadPage,50,303,303,10000,1,hot-resolvers,20,1244.757,1709.2240000000002
native,result-size,EmailThreadPage,1000,6003,6003,10000,1,hot-json,20,102089.962,140506.459
native,result-size,EmailThreadPage,1000,6003,6003,10000,1,hot-resolvers,20,54253.044,61848.047000000006
native,result-size,EmailThreadPage,10000,60003,60003,10000,1,hot-json,20,2782959.967,2860796.036
native,result-size,EmailThreadPage,10000,60003,60003,10000,1,hot-resolvers,20,2118551.7169999997,2199829.94
native,result-size,EntityActivity,50,152,152,10000,1,hot-json,20,395.714,404.53700000000003
native,result-size,EntityActivity,50,152,152,10000,1,hot-resolvers,20,281.242,421.603
native,result-size,EntityActivity,1000,3002,3002,10000,1,hot-json,20,12372.49,13704.368
native,result-size,EntityActivity,1000,3002,3002,10000,1,hot-resolvers,20,9993.451000000001,11555.073
native,result-size,EntityActivity,10000,30002,30002,10000,1,hot-json,20,571506.65,629226.985
native,result-size,EntityActivity,10000,30002,30002,10000,1,hot-resolvers,20,453849.697,512381.418
native,result-size,EntityProperties,50,152,152,10000,1,hot-json,20,479.679,536.0640000000001
native,result-size,EntityProperties,50,152,152,10000,1,hot-resolvers,20,307.45099999999996,329.104
native,result-size,EntityProperties,1000,3002,3002,10000,1,hot-json,20,18846.141,21218.049
native,result-size,EntityProperties,1000,3002,3002,10000,1,hot-resolvers,20,11586.710000000001,13339.220000000001
native,result-size,EntityProperties,10000,30002,30002,10000,1,hot-json,20,632808.0769999999,680294.98
native,result-size,EntityProperties,10000,30002,30002,10000,1,hot-resolvers,20,488225.853,525166.154
native,result-size,Favorites,50,52,52,10000,1,hot-json,20,141.102,177.657
native,result-size,Favorites,50,52,52,10000,1,hot-resolvers,20,92.589,116.735
native,result-size,Favorites,1000,1002,1002,10000,1,hot-json,20,3336.635,3797.316
native,result-size,Favorites,1000,1002,1002,10000,1,hot-resolvers,20,2022.8339999999998,2318.518
native,result-size,Favorites,10000,10002,10002,10000,1,hot-json,20,103970.373,109165.175
native,result-size,Favorites,10000,10002,10002,10000,1,hot-resolvers,20,93228.07900000001,100346.086
native,result-size,GroupSoup,50,542,542,10000,1,hot-json,20,4311.237,6313.301
native,result-size,GroupSoup,50,542,542,10000,1,hot-resolvers,20,2794.612,2990.436
native,result-size,GroupSoup,1000,10835,10835,10000,1,hot-json,20,293691.13800000004,328172.391
native,result-size,GroupSoup,1000,10835,10835,10000,1,hot-resolvers,20,225632.315,247065.196
native,result-size,GroupSoup,10000,108335,108335,10000,1,hot-json,20,4096643.0330000003,4155173.794
native,result-size,GroupSoup,10000,108335,108335,10000,1,hot-resolvers,20,3111772.117,3219789.382
native,result-size,GroupSoupMembership,50,102,102,10000,1,hot-json,20,130.085,140.66099999999997
native,result-size,GroupSoupMembership,50,102,102,10000,1,hot-resolvers,20,81.863,97.706
native,result-size,GroupSoupMembership,1000,2002,2002,10000,1,hot-json,20,3492.95,4076.3149999999996
native,result-size,GroupSoupMembership,1000,2002,2002,10000,1,hot-resolvers,20,2007.351,2185.258
native,result-size,GroupSoupMembership,10000,20002,20002,10000,1,hot-json,20,214531.923,244987.188
native,result-size,GroupSoupMembership,10000,20002,20002,10000,1,hot-resolvers,20,156458.97,195506.52399999998
native,result-size,ItemPreview,50,52,52,10000,1,hot-json,20,88.983,124.447
native,result-size,ItemPreview,50,52,52,10000,1,hot-resolvers,20,62.474,92.919
native,result-size,ItemPreview,1000,1002,1002,10000,1,hot-json,20,2052.969,2528.003
native,result-size,ItemPreview,1000,1002,1002,10000,1,hot-resolvers,20,1393.0800000000002,1667.712
native,result-size,ItemPreview,10000,10002,10002,10000,1,hot-json,20,63322.137,72748.819
native,result-size,ItemPreview,10000,10002,10002,10000,1,hot-resolvers,20,52624.54,62078.902
native,result-size,ItemPreviewFileTypeCacheWrite,50,52,52,10000,1,hot-json,20,37.586999999999996,39.519
native,result-size,ItemPreviewFileTypeCacheWrite,50,52,52,10000,1,hot-resolvers,20,25.298000000000002,25.589
native,result-size,ItemPreviewFileTypeCacheWrite,1000,1002,1002,10000,1,hot-json,20,838.538,939.0079999999999
native,result-size,ItemPreviewFileTypeCacheWrite,1000,1002,1002,10000,1,hot-resolvers,20,588.994,665.8389999999999
native,result-size,ItemPreviewFileTypeCacheWrite,10000,10002,10002,10000,1,hot-json,20,34122.225999999995,41419.712999999996
native,result-size,ItemPreviewFileTypeCacheWrite,10000,10002,10002,10000,1,hot-resolvers,20,24628.754999999997,32460.784
native,result-size,ItemPreviewNameCacheWrite,50,52,52,10000,1,hot-json,20,70.606,95.944
native,result-size,ItemPreviewNameCacheWrite,50,52,52,10000,1,hot-resolvers,20,49.655,50.786
native,result-size,ItemPreviewNameCacheWrite,1000,1002,1002,10000,1,hot-json,20,1581.933,2244.507
native,result-size,ItemPreviewNameCacheWrite,1000,1002,1002,10000,1,hot-resolvers,20,1171.4869999999999,1238.338
native,result-size,ItemPreviewNameCacheWrite,10000,10002,10002,10000,1,hot-json,20,49140.064,53751.551
native,result-size,ItemPreviewNameCacheWrite,10000,10002,10002,10000,1,hot-resolvers,20,38602.377,42391.74
native,result-size,ItemPreviews,50,60,60,10000,1,hot-json,20,128.182,139.148
native,result-size,ItemPreviews,50,60,60,10000,1,hot-resolvers,20,91.547,101.52199999999999
native,result-size,ItemPreviews,1000,1168,1168,10000,1,hot-json,20,2985.759,3889.936
native,result-size,ItemPreviews,1000,1168,1168,10000,1,hot-resolvers,20,2221.172,2833.8
native,result-size,ItemPreviews,10000,11668,11668,10000,1,hot-json,20,116138.81700000001,134405.538
native,result-size,ItemPreviews,10000,11668,11668,10000,1,hot-resolvers,20,91343.251,102826.617
native,result-size,MailAccounts,50,52,52,10000,1,hot-json,20,54.312,55.974000000000004
native,result-size,MailAccounts,50,52,52,10000,1,hot-resolvers,20,36.365,53.940999999999995
native,result-size,MailAccounts,1000,1002,1002,10000,1,hot-json,20,1233.46,1331.457
native,result-size,MailAccounts,1000,1002,1002,10000,1,hot-resolvers,20,815.573,1109.7740000000001
native,result-size,MailAccounts,10000,10002,10002,10000,1,hot-json,20,40839.051,53851.31
native,result-size,MailAccounts,10000,10002,10002,10000,1,hot-resolvers,20,32158.55,35881.354999999996
native,result-size,MyActivity,50,52,52,10000,1,hot-json,20,185.899,232.419
native,result-size,MyActivity,50,52,52,10000,1,hot-resolvers,20,101.842,154.512
native,result-size,MyActivity,1000,1002,1002,10000,1,hot-json,20,3589.745,4153.621
native,result-size,MyActivity,1000,1002,1002,10000,1,hot-resolvers,20,2294.2219999999998,2494.662
native,result-size,MyActivity,10000,10002,10002,10000,1,hot-json,20,120990.134,127955.16200000001
native,result-size,MyActivity,10000,10002,10002,10000,1,hot-resolvers,20,93680.136,102514.72899999999
native,result-size,MyActivityOverview,50,2,2,10000,1,hot-json,20,81.29199999999999,92.168
native,result-size,MyActivityOverview,50,2,2,10000,1,hot-resolvers,20,50.807,56.955
native,result-size,MyActivityOverview,1000,2,2,10000,1,hot-json,20,1616.6450000000002,1663.545
native,result-size,MyActivityOverview,1000,2,2,10000,1,hot-resolvers,20,974.592,1107.271
native,result-size,MyActivityOverview,10000,2,2,10000,1,hot-json,20,25713.792999999998,27238.639
native,result-size,MyActivityOverview,10000,2,2,10000,1,hot-resolvers,20,13449.776,15743.345999999998
native,result-size,Soup,50,323,323,10000,1,hot-json,20,2039.5690000000002,2392.369
native,result-size,Soup,50,323,323,10000,1,hot-resolvers,20,1364.807,1403.355
native,result-size,Soup,1000,6416,6416,10000,1,hot-json,20,89647.798,98499.977
native,result-size,Soup,1000,6416,6416,10000,1,hot-resolvers,20,50415.335999999996,55775.767
native,result-size,Soup,10000,64166,64166,10000,1,hot-json,20,2106674.5510000004,2184417.33
native,result-size,Soup,10000,64166,64166,10000,1,hot-resolvers,20,1640964.743,1679314.211
native,result-size,SoupBackfill,50,363,363,10000,1,hot-json,20,2783.405,3237.997
native,result-size,SoupBackfill,50,363,363,10000,1,hot-resolvers,20,1768.754,2387.752
native,result-size,SoupBackfill,1000,7246,7246,10000,1,hot-json,20,104303.53300000001,110790.01199999999
native,result-size,SoupBackfill,1000,7246,7246,10000,1,hot-resolvers,20,60085.342,63549.358
native,result-size,SoupBackfill,10000,72496,72496,10000,1,hot-json,20,3225105.809,3291243.1890000002
native,result-size,SoupBackfill,10000,72496,72496,10000,1,hot-resolvers,20,2658448.192,2770933.688
native,result-size,SoupMailBackfill,50,323,323,10000,1,hot-json,20,2049.0640000000003,2313.281
native,result-size,SoupMailBackfill,50,323,323,10000,1,hot-resolvers,20,1410.576,1630.5449999999998
native,result-size,SoupMailBackfill,1000,6416,6416,10000,1,hot-json,20,92163.091,98982.03
native,result-size,SoupMailBackfill,1000,6416,6416,10000,1,hot-resolvers,20,53790.299999999996,56866.554
native,result-size,SoupMailBackfill,10000,64166,64166,10000,1,hot-json,20,2148407.465,2200000.678
native,result-size,SoupMailBackfill,10000,64166,64166,10000,1,hot-resolvers,20,1643928.5300000003,1709296.837
native,result-size,SoupMembership,50,52,52,10000,1,hot-json,20,34.352,38.118
native,result-size,SoupMembership,50,52,52,10000,1,hot-resolvers,20,22.103,22.413999999999998
native,result-size,SoupMembership,1000,1002,1002,10000,1,hot-json,20,793.27,969.294
native,result-size,SoupMembership,1000,1002,1002,10000,1,hot-resolvers,20,547.882,751.998
native,result-size,SoupMembership,10000,10002,10002,10000,1,hot-json,20,30462.075,36128.706
native,result-size,SoupMembership,10000,10002,10002,10000,1,hot-resolvers,20,22463.617000000002,27346.552
native,result-size,SoupNotifications,50,152,152,10000,1,hot-json,20,1005.598,1468.623
native,result-size,SoupNotifications,50,152,152,10000,1,hot-resolvers,20,660.881,700.611
native,result-size,SoupNotifications,1000,3002,3002,10000,1,hot-json,20,41211.991,46363.489
native,result-size,SoupNotifications,1000,3002,3002,10000,1,hot-resolvers,20,22625.169,26265.39
native,result-size,SoupNotifications,10000,30002,30002,10000,1,hot-json,20,1034567.8650000001,1055228.216
native,result-size,SoupNotifications,10000,30002,30002,10000,1,hot-resolvers,20,802389.79,862469.0149999999
native,result-size,SoupSharedMailBackfill,50,323,323,10000,1,hot-json,20,2106.4790000000003,2724.3269999999998
native,result-size,SoupSharedMailBackfill,50,323,323,10000,1,hot-resolvers,20,1556.846,1832.248
native,result-size,SoupSharedMailBackfill,1000,6416,6416,10000,1,hot-json,20,91847.027,104463.493
native,result-size,SoupSharedMailBackfill,1000,6416,6416,10000,1,hot-resolvers,20,54994.125,57431.932
native,result-size,SoupSharedMailBackfill,10000,64166,64166,10000,1,hot-json,20,2210542.492,2257452.069
native,result-size,SoupSharedMailBackfill,10000,64166,64166,10000,1,hot-resolvers,20,1704541.4640000002,1764717.302
native,result-size,ChannelListItemFields,50,178,178,10000,1,records-hot,20,825.058,852.2990000000001
native,result-size,ChannelListItemFields,1000,3579,3579,10000,2,records-hot,20,26365.039,31610.647999999997
native,result-size,ChannelListItemFields,10000,35829,35829,10000,20,records-hot,20,692241.772,794655.67
native,result-size,EmailThreadMessageFields,50,250,250,10000,1,records-hot,20,1167.431,1490.9759999999999
native,result-size,EmailThreadMessageFields,1000,5000,5000,10000,2,records-hot,20,45454.204999999994,50506.383
native,result-size,EmailThreadMessageFields,10000,50000,50000,10000,20,records-hot,20,1754055.2179999999,1853064.5990000002
native,result-size,GraphqlChannelQuickAccessFields,50,50,50,10000,1,records-hot,20,127.31,150.907
native,result-size,GraphqlChannelQuickAccessFields,1000,1000,1000,10000,2,records-hot,20,2912.6690000000003,3246.099
native,result-size,GraphqlChannelQuickAccessFields,10000,10000,10000,10000,20,records-hot,20,60447.966,67108.117
native,result-size,GraphqlChatQuickAccessName,50,50,50,10000,1,records-hot,20,49.845,51.296
native,result-size,GraphqlChatQuickAccessName,1000,1000,1000,10000,2,records-hot,20,1295.163,1446.68
native,result-size,GraphqlChatQuickAccessName,10000,10000,10000,10000,20,records-hot,20,17494.894,20080.732
native,result-size,GraphqlCrmCompanyQuickAccessFields,50,50,50,10000,1,records-hot,20,126.971,138.608
native,result-size,GraphqlCrmCompanyQuickAccessFields,1000,1000,1000,10000,2,records-hot,20,2071.268,2393.59
native,result-size,GraphqlCrmCompanyQuickAccessFields,10000,10000,10000,10000,20,records-hot,20,34324.439,39326.843
native,result-size,GraphqlDocumentQuickAccessName,50,50,50,10000,1,records-hot,20,67.76100000000001,77.48599999999999
native,result-size,GraphqlDocumentQuickAccessName,1000,1000,1000,10000,2,records-hot,20,1696.4750000000001,2169.1440000000002
native,result-size,GraphqlDocumentQuickAccessName,10000,10000,10000,10000,20,records-hot,20,28779.802,32034.753999999997
native,result-size,GraphqlProjectQuickAccessName,50,50,50,10000,1,records-hot,20,49.775,51.257
native,result-size,GraphqlProjectQuickAccessName,1000,1000,1000,10000,2,records-hot,20,1290.9869999999999,1405.6380000000001
native,result-size,GraphqlProjectQuickAccessName,10000,10000,10000,10000,20,records-hot,20,18681.264,20751.679
native,result-size,ItemPreviewFields,50,50,50,10000,1,records-hot,20,87.57199999999999,125.85799999999999
native,result-size,ItemPreviewFields,1000,1000,1000,10000,2,records-hot,20,1757.506,2109.5139999999997
native,result-size,ItemPreviewFields,10000,10000,10000,10000,20,records-hot,20,29048.054,33947.394
native,result-size,MailItemFields,50,270,270,10000,1,records-hot,20,1434.3120000000001,1739.7
native,result-size,MailItemFields,1000,5411,5411,10000,2,records-hot,20,55362.668,60471.502
native,result-size,MailItemFields,10000,54161,54161,10000,20,records-hot,20,1358485.6649999998,1415015.4640000002
native,result-size,SoupItemFields,50,270,270,10000,1,records-hot,20,1627.7520000000002,2187.942
native,result-size,SoupItemFields,1000,5411,5411,10000,2,records-hot,20,54952.933000000005,62393.274
native,result-size,SoupItemFields,10000,54161,54161,10000,20,records-hot,20,1347201.668,1441882.6570000001
chromium,result-size,AgentSessionMentions,50,57,57,10000,1,hot-resolvers,30,599.9999046325684,1799.9999523162842
chromium,result-size,AgentSessionMentions,50,57,57,10000,1,hot-json,30,500,1400.0000953674316
chromium,result-size,ChannelListSoup,50,231,231,10000,1,hot-resolvers,30,3100.0001430511475,7000
chromium,result-size,ChannelListSoup,50,231,231,10000,1,hot-json,30,2900.0000953674316,5400.000095367432
chromium,result-size,ChannelUnreadPresence,50,60,60,10000,1,hot-resolvers,30,600.0001430511475,2000
chromium,result-size,ChannelUnreadPresence,50,60,60,10000,1,hot-json,30,599.9999046325684,1100.0001430511475
chromium,result-size,EmailThreadPage,50,303,303,10000,1,hot-resolvers,30,9200.000047683716,13399.999856948853
chromium,result-size,EmailThreadPage,50,303,303,10000,1,hot-json,30,8200.000047683716,11200.000047683716
chromium,result-size,EntityActivity,50,152,152,10000,1,hot-resolvers,30,1500,4700.000047683716
chromium,result-size,EntityActivity,50,152,152,10000,1,hot-json,30,1400.0000953674316,2099.9999046325684
chromium,result-size,EntityProperties,50,152,152,10000,1,hot-resolvers,30,1500,2300.0001907348633
chromium,result-size,EntityProperties,50,152,152,10000,1,hot-json,30,1799.9999523162842,3399.9998569488525
chromium,result-size,Favorites,50,52,52,10000,1,hot-resolvers,30,600.0001430511475,2000
chromium,result-size,Favorites,50,52,52,10000,1,hot-json,30,599.9999046325684,1400.0000953674316
chromium,result-size,GroupSoup,50,542,542,10000,1,hot-resolvers,30,9299.999952316284,12400.000095367432
chromium,result-size,GroupSoup,50,542,542,10000,1,hot-json,30,9600.000143051147,14600.000143051147
chromium,result-size,GroupSoupMembership,50,102,102,10000,1,hot-resolvers,30,799.9999523162842,2000
chromium,result-size,GroupSoupMembership,50,102,102,10000,1,hot-json,30,600.0001430511475,2099.9999046325684
chromium,result-size,ItemPreview,50,52,52,10000,1,hot-resolvers,30,599.9999046325684,1099.9999046325684
chromium,result-size,ItemPreview,50,52,52,10000,1,hot-json,30,500,1799.9999523162842
chromium,result-size,ItemPreviewFileTypeCacheWrite,50,52,52,10000,1,hot-resolvers,30,500,1400.0000953674316
chromium,result-size,ItemPreviewFileTypeCacheWrite,50,52,52,10000,1,hot-json,30,400.00009536743164,1299.9999523162842
chromium,result-size,ItemPreviewNameCacheWrite,50,52,52,10000,1,hot-resolvers,30,500,2299.999952316284
chromium,result-size,ItemPreviewNameCacheWrite,50,52,52,10000,1,hot-json,30,500,1900.0000953674316
chromium,result-size,ItemPreviews,50,60,60,10000,1,hot-resolvers,30,799.9999523162842,3699.9998092651367
chromium,result-size,ItemPreviews,50,60,60,10000,1,hot-json,30,600.0001430511475,1299.9999523162842
chromium,result-size,MailAccounts,50,52,52,10000,1,hot-resolvers,30,500,1099.9999046325684
chromium,result-size,MailAccounts,50,52,52,10000,1,hot-json,30,500,2500
chromium,result-size,MyActivity,50,52,52,10000,1,hot-resolvers,30,700.0000476837158,5900.000095367432
chromium,result-size,MyActivity,50,52,52,10000,1,hot-json,30,700.0000476837158,1799.9999523162842
chromium,result-size,MyActivityOverview,50,2,2,10000,1,hot-resolvers,30,500,1599.9999046325684
chromium,result-size,MyActivityOverview,50,2,2,10000,1,hot-json,30,399.99985694885254,5599.999904632568
chromium,result-size,Soup,50,323,323,10000,1,hot-resolvers,30,4500,8600.000143051147
chromium,result-size,Soup,50,323,323,10000,1,hot-json,30,3700.000047683716,5799.999952316284
chromium,result-size,SoupBackfill,50,363,363,10000,1,hot-resolvers,30,5500,8899.999856948853
chromium,result-size,SoupBackfill,50,363,363,10000,1,hot-json,30,5300.000190734863,7099.999904632568
chromium,result-size,SoupMailBackfill,50,323,323,10000,1,hot-resolvers,30,5200.000047683716,7199.999809265137
chromium,result-size,SoupMailBackfill,50,323,323,10000,1,hot-json,30,4200.000047683716,5799.999952316284
chromium,result-size,SoupMembership,50,52,52,10000,1,hot-resolvers,30,399.99985694885254,1500
chromium,result-size,SoupMembership,50,52,52,10000,1,hot-json,30,500,2200.000047683716
chromium,result-size,SoupNotifications,50,152,152,10000,1,hot-resolvers,30,2500,4000
chromium,result-size,SoupNotifications,50,152,152,10000,1,hot-json,30,2399.9998569488525,4799.999952316284
chromium,result-size,SoupSharedMailBackfill,50,323,323,10000,1,hot-resolvers,30,5599.999904632568,10099.999904632568
chromium,result-size,SoupSharedMailBackfill,50,323,323,10000,1,hot-json,30,4099.999904632568,5500
chromium,result-size,ChannelListItemFields,50,180,180,10000,1,records-hot,30,2500,5299.999952316284
chromium,result-size,EmailThreadMessageFields,50,253,253,10000,1,records-hot,30,7099.999904632568,13399.999856948853
chromium,result-size,GraphqlChannelQuickAccessFields,50,52,52,10000,1,records-hot,30,1200.0000476837158,4099.999904632568
chromium,result-size,GraphqlChatQuickAccessName,50,52,52,10000,1,records-hot,30,700.0000476837158,3599.9999046325684
chromium,result-size,GraphqlCrmCompanyQuickAccessFields,50,52,52,10000,1,records-hot,30,699.9998092651367,1599.9999046325684
chromium,result-size,GraphqlDocumentQuickAccessName,50,52,52,10000,1,records-hot,30,600.0001430511475,1599.9999046325684
chromium,result-size,GraphqlProjectQuickAccessName,50,52,52,10000,1,records-hot,30,799.9999523162842,2200.000047683716
chromium,result-size,ItemPreviewFields,50,52,52,10000,1,records-hot,30,700.0000476837158,2200.000047683716
chromium,result-size,MailItemFields,50,272,272,10000,1,records-hot,30,4700.000047683716,7799.999952316284
chromium,result-size,SoupItemFields,50,272,272,10000,1,records-hot,30,4799.999952316284,8900.000095367432
chromium,result-size,AgentSessionMentions,1000,1086,1086,10000,1,hot-resolvers,30,3899.9998569488525,8799.999952316284
chromium,result-size,AgentSessionMentions,1000,1086,1086,10000,1,hot-json,30,3299.999952316284,8599.999904632568
chromium,result-size,ChannelListSoup,1000,4584,4584,10000,1,hot-resolvers,30,42699.99980926514,47300.00019073486
chromium,result-size,ChannelListSoup,1000,4584,4584,10000,1,hot-json,30,45099.99990463257,51200.000047683716
chromium,result-size,ChannelUnreadPresence,1000,1170,1170,10000,1,hot-resolvers,30,3900.0000953674316,5299.999952316284
chromium,result-size,ChannelUnreadPresence,1000,1170,1170,10000,1,hot-json,30,3700.000047683716,7799.999952316284
chromium,result-size,EmailThreadPage,1000,6003,6003,10000,1,hot-resolvers,30,147500,160000
chromium,result-size,EmailThreadPage,1000,6003,6003,10000,1,hot-json,30,163000,180500
chromium,result-size,EntityActivity,1000,3002,3002,10000,1,hot-resolvers,30,20000,23700.000047683716
chromium,result-size,EntityActivity,1000,3002,3002,10000,1,hot-json,30,21200.000047683716,26600.000143051147
chromium,result-size,EntityProperties,1000,3002,3002,10000,1,hot-resolvers,30,21700.000047683716,30100.000143051147
chromium,result-size,EntityProperties,1000,3002,3002,10000,1,hot-json,30,23199.999809265137,29399.999856948853
chromium,result-size,Favorites,1000,1002,1002,10000,1,hot-resolvers,30,7200.000047683716,14000
chromium,result-size,Favorites,1000,1002,1002,10000,1,hot-json,30,5299.999952316284,8399.999856948853
chromium,result-size,GroupSoup,1000,10835,10835,10000,1,hot-resolvers,30,282899.99985694885,292400.00009536743
chromium,result-size,GroupSoup,1000,10835,10835,10000,1,hot-json,30,282400.00009536743,305200.0000476837
chromium,result-size,GroupSoupMembership,1000,2002,2002,10000,1,hot-resolvers,30,6899.9998569488525,11299.999952316284
chromium,result-size,GroupSoupMembership,1000,2002,2002,10000,1,hot-json,30,6900.000095367432,8099.999904632568
chromium,result-size,ItemPreview,1000,1002,1002,10000,1,hot-resolvers,30,5100.0001430511475,8000
chromium,result-size,ItemPreview,1000,1002,1002,10000,1,hot-json,30,3899.9998569488525,5299.999952316284
chromium,result-size,ItemPreviewFileTypeCacheWrite,1000,1002,1002,10000,1,hot-resolvers,30,2800.0001907348633,4599.999904632568
chromium,result-size,ItemPreviewFileTypeCacheWrite,1000,1002,1002,10000,1,hot-json,30,2700.000047683716,5000
chromium,result-size,ItemPreviewNameCacheWrite,1000,1002,1002,10000,1,hot-resolvers,30,5700.000047683716,11299.999952316284
chromium,result-size,ItemPreviewNameCacheWrite,1000,1002,1002,10000,1,hot-json,30,3500,4299.999952316284
chromium,result-size,ItemPreviews,1000,1168,1168,10000,1,hot-resolvers,30,7100.0001430511475,10799.999952316284
chromium,result-size,ItemPreviews,1000,1168,1168,10000,1,hot-json,30,7799.999952316284,9300.000190734863
chromium,result-size,MailAccounts,1000,1002,1002,10000,1,hot-resolvers,30,3599.9999046325684,5200.000047683716
chromium,result-size,MailAccounts,1000,1002,1002,10000,1,hot-json,30,3000,7500
chromium,result-size,MyActivity,1000,1002,1002,10000,1,hot-resolvers,30,8899.999856948853,14100.000143051147
chromium,result-size,MyActivity,1000,1002,1002,10000,1,hot-json,30,6599.999904632568,9400.000095367432
chromium,result-size,MyActivityOverview,1000,2,2,10000,1,hot-resolvers,30,3500,4600.0001430511475
chromium,result-size,MyActivityOverview,1000,2,2,10000,1,hot-json,30,3500,4600.0001430511475
chromium,result-size,Soup,1000,6416,6416,10000,1,hot-resolvers,30,87299.99995231628,94700.00004768372
chromium,result-size,Soup,1000,6416,6416,10000,1,hot-json,30,88299.99995231628,93000
chromium,result-size,SoupBackfill,1000,7246,7246,10000,1,hot-resolvers,30,116200.00004768372,127799.99995231628
chromium,result-size,SoupBackfill,1000,7246,7246,10000,1,hot-json,30,121099.99990463257,130000
chromium,result-size,SoupMailBackfill,1000,6416,6416,10000,1,hot-resolvers,30,87200.00004768372,98600.00014305115
chromium,result-size,SoupMailBackfill,1000,6416,6416,10000,1,hot-json,30,92100.00014305115,102100.00014305115
chromium,result-size,SoupMembership,1000,1002,1002,10000,1,hot-resolvers,30,3400.0000953674316,6400.000095367432
chromium,result-size,SoupMembership,1000,1002,1002,10000,1,hot-json,30,2400.0000953674316,3599.9999046325684
chromium,result-size,SoupNotifications,1000,3002,3002,10000,1,hot-resolvers,30,41700.000047683716,52400.00009536743
chromium,result-size,SoupNotifications,1000,3002,3002,10000,1,hot-json,30,43400.00009536743,50799.999952316284
chromium,result-size,SoupSharedMailBackfill,1000,6416,6416,10000,1,hot-resolvers,30,89700.00004768372,94500
chromium,result-size,SoupSharedMailBackfill,1000,6416,6416,10000,1,hot-json,30,95500,103299.99995231628
chromium,result-size,ChannelListItemFields,1000,3581,3581,10000,2,records-hot,30,40299.999952316284,51900.00009536743
chromium,result-size,EmailThreadMessageFields,1000,5003,5003,10000,2,records-hot,30,144299.99995231628,158099.99990463257
chromium,result-size,GraphqlChannelQuickAccessFields,1000,1002,1002,10000,2,records-hot,30,10899.999856948853,15000
chromium,result-size,GraphqlChatQuickAccessName,1000,1002,1002,10000,2,records-hot,30,5299.999952316284,6599.999904632568
chromium,result-size,GraphqlCrmCompanyQuickAccessFields,1000,1002,1002,10000,2,records-hot,30,8799.999952316284,13500
chromium,result-size,GraphqlDocumentQuickAccessName,1000,1002,1002,10000,2,records-hot,30,7599.999904632568,9299.999952316284
chromium,result-size,GraphqlProjectQuickAccessName,1000,1002,1002,10000,2,records-hot,30,5299.999952316284,7200.000047683716
chromium,result-size,ItemPreviewFields,1000,1002,1002,10000,2,records-hot,30,9000,14500
chromium,result-size,MailItemFields,1000,5413,5413,10000,2,records-hot,30,83000,96899.99985694885
chromium,result-size,SoupItemFields,1000,5413,5413,10000,2,records-hot,30,82299.99995231628,89600.00014305115
chromium,result-size,AgentSessionMentions,10000,10836,10836,10000,1,hot-resolvers,10,75799.99995231628,103799.99995231628
chromium,result-size,AgentSessionMentions,10000,10836,10836,10000,1,hot-json,10,64400.00009536743,99500
chromium,result-size,ChannelListSoup,10000,45834,45834,10000,1,hot-resolvers,10,1216600.0001430511,1279299.9999523163
chromium,result-size,ChannelListSoup,10000,45834,45834,10000,1,hot-json,10,1206900.0000953674,1285299.9999523163
chromium,result-size,ChannelUnreadPresence,10000,11670,11670,10000,1,hot-resolvers,10,68000,77599.99990463257
chromium,result-size,ChannelUnreadPresence,10000,11670,11670,10000,1,hot-json,10,71700.00004768372,75500
chromium,result-size,EmailThreadPage,10000,60003,60003,10000,1,hot-resolvers,10,3127500,3243399.999856949
chromium,result-size,EmailThreadPage,10000,60003,60003,10000,1,hot-json,10,3371700.0000476837,3579500
chromium,result-size,EntityActivity,10000,30002,30002,10000,1,hot-resolvers,10,600900.0000953674,636500
chromium,result-size,EntityActivity,10000,30002,30002,10000,1,hot-json,10,591400.0000953674,644200.0000476837
chromium,result-size,EntityProperties,10000,30002,30002,10000,1,hot-resolvers,10,625700.0000476837,657700.0000476837
chromium,result-size,EntityProperties,10000,30002,30002,10000,1,hot-json,10,636700.0000476837,664500
chromium,result-size,Favorites,10000,10002,10002,10000,1,hot-resolvers,10,113700.00004768372,120200.00004768372
chromium,result-size,Favorites,10000,10002,10002,10000,1,hot-json,10,114200.00004768372,121900.00009536743
chromium,result-size,GroupSoup,10000,108335,108335,10000,1,hot-resolvers,10,4074200.0000476837,4206700.000047684
chromium,result-size,GroupSoup,10000,108335,108335,10000,1,hot-json,10,4060100.000143051,4132599.9999046326
chromium,result-size,GroupSoupMembership,10000,20002,20002,10000,1,hot-resolvers,10,244200.00004768372,281900.00009536743
chromium,result-size,GroupSoupMembership,10000,20002,20002,10000,1,hot-json,10,240099.99990463257,254799.99995231628
chromium,result-size,ItemPreview,10000,10002,10002,10000,1,hot-resolvers,10,91200.00004768372,111500
chromium,result-size,ItemPreview,10000,10002,10002,10000,1,hot-json,10,82599.99990463257,93400.00009536743
chromium,result-size,ItemPreviewFileTypeCacheWrite,10000,10002,10002,10000,1,hot-resolvers,10,44000,48500
chromium,result-size,ItemPreviewFileTypeCacheWrite,10000,10002,10002,10000,1,hot-json,10,44100.00014305115,50200.000047683716
chromium,result-size,ItemPreviewNameCacheWrite,10000,10002,10002,10000,1,hot-resolvers,10,74700.00004768372,88099.99990463257
chromium,result-size,ItemPreviewNameCacheWrite,10000,10002,10002,10000,1,hot-json,10,70700.00004768372,85299.99995231628
chromium,result-size,ItemPreviews,10000,11668,11668,10000,1,hot-resolvers,10,135100.00014305115,147200.00004768372
chromium,result-size,ItemPreviews,10000,11668,11668,10000,1,hot-json,10,129799.99995231628,133899.99985694885
chromium,result-size,MailAccounts,10000,10002,10002,10000,1,hot-resolvers,10,57399.99985694885,60700.000047683716
chromium,result-size,MailAccounts,10000,10002,10002,10000,1,hot-json,10,57800.00019073486,62000
chromium,result-size,MyActivity,10000,10002,10002,10000,1,hot-resolvers,10,132399.99985694885,147899.99985694885
chromium,result-size,MyActivity,10000,10002,10002,10000,1,hot-json,10,142000,170900.00009536743
chromium,result-size,MyActivityOverview,10000,2,2,10000,1,hot-resolvers,10,32200.000047683716,37299.999952316284
chromium,result-size,MyActivityOverview,10000,2,2,10000,1,hot-json,10,32800.00019073486,36500
chromium,result-size,Soup,10000,64166,64166,10000,1,hot-resolvers,10,2076500,2233700.0000476837
chromium,result-size,Soup,10000,64166,64166,10000,1,hot-json,10,2120599.9999046326,2171699.999809265
chromium,result-size,SoupBackfill,10000,72496,72496,10000,1,hot-resolvers,10,3203700.0000476837,3323000
chromium,result-size,SoupBackfill,10000,72496,72496,10000,1,hot-json,10,3259699.999809265,3329800.000190735
chromium,result-size,SoupMailBackfill,10000,64166,64166,10000,1,hot-resolvers,10,2030799.9999523163,2169100.000143051
chromium,result-size,SoupMailBackfill,10000,64166,64166,10000,1,hot-json,10,2091899.9998569489,2143500
chromium,result-size,SoupMembership,10000,10002,10002,10000,1,hot-resolvers,10,43900.00009536743,55599.99990463257
chromium,result-size,SoupMembership,10000,10002,10002,10000,1,hot-json,10,51000,52900.00009536743
chromium,result-size,SoupNotifications,10000,30002,30002,10000,1,hot-resolvers,10,1000500,1073400.0000953674
chromium,result-size,SoupNotifications,10000,30002,30002,10000,1,hot-json,10,1009200.0000476837,1061299.9999523163
chromium,result-size,SoupSharedMailBackfill,10000,64166,64166,10000,1,hot-resolvers,10,2092600.0001430511,2191299.9999523163
chromium,result-size,SoupSharedMailBackfill,10000,64166,64166,10000,1,hot-json,10,2156899.999856949,2292400.0000953674
chromium,result-size,ChannelListItemFields,10000,35831,35831,10000,20,records-hot,10,953299.9999523163,1034600.0001430511
chromium,result-size,EmailThreadMessageFields,10000,50003,50003,10000,20,records-hot,10,2834799.9999523163,2975900.0000953674
chromium,result-size,GraphqlChannelQuickAccessFields,10000,10002,10002,10000,20,records-hot,10,115200.00004768372,135799.99995231628
chromium,result-size,GraphqlChatQuickAccessName,10000,10002,10002,10000,20,records-hot,10,65000,82300.00019073486
chromium,result-size,GraphqlCrmCompanyQuickAccessFields,10000,10002,10002,10000,20,records-hot,10,85900.00009536743,105599.99990463257
chromium,result-size,GraphqlDocumentQuickAccessName,10000,10002,10002,10000,20,records-hot,10,83200.00004768372,102599.99990463257
chromium,result-size,GraphqlProjectQuickAccessName,10000,10002,10002,10000,20,records-hot,10,63399.99985694885,87099.99990463257
chromium,result-size,ItemPreviewFields,10000,10002,10002,10000,20,records-hot,10,68700.00004768372,79000
chromium,result-size,MailItemFields,10000,54163,54163,10000,20,records-hot,10,1780500,1849600.0001430511
chromium,result-size,SoupItemFields,10000,54163,54163,10000,20,records-hot,10,1771600.0001430511,1878599.9999046326
firefox,result-size,AgentSessionMentions,50,57,57,10000,1,hot-resolvers,30,1259.999999999991,1900.000000000091
firefox,result-size,AgentSessionMentions,50,57,57,10000,1,hot-json,30,1180.0000000000637,2059.9999999999454
firefox,result-size,ChannelListSoup,50,231,231,10000,1,hot-resolvers,30,8220.000000000027,10519.999999999982
firefox,result-size,ChannelListSoup,50,231,231,10000,1,hot-json,30,8980.000000000018,12460.000000000036
firefox,result-size,ChannelUnreadPresence,50,60,60,10000,1,hot-resolvers,30,1379.9999999996544,2520.0000000004366
firefox,result-size,ChannelUnreadPresence,50,60,60,10000,1,hot-json,30,1139.9999999998727,1719.9999999998
firefox,result-size,EmailThreadPage,50,303,303,10000,1,hot-resolvers,30,24699.999999999818,30059.999999999945
firefox,result-size,EmailThreadPage,50,303,303,10000,1,hot-json,30,25180.00000000029,36520.00000000044
firefox,result-size,EntityActivity,50,152,152,10000,1,hot-resolvers,30,4159.9999999998545,4880.000000000109
firefox,result-size,EntityActivity,50,152,152,10000,1,hot-json,30,4239.999999999782,6140.000000000327
firefox,result-size,EntityProperties,50,152,152,10000,1,hot-resolvers,30,4600.000000000364,7159.9999999998545
firefox,result-size,EntityProperties,50,152,152,10000,1,hot-json,30,4559.999999999491,7019.999999999527
firefox,result-size,Favorites,50,52,52,10000,1,hot-resolvers,30,2000,2819.999999999709
firefox,result-size,Favorites,50,52,52,10000,1,hot-json,30,1880.0000000001091,2779.9999999997453
firefox,result-size,GroupSoup,50,542,542,10000,1,hot-resolvers,30,33119.99999999898,37540.00000000087
firefox,result-size,GroupSoup,50,542,542,10000,1,hot-json,30,32540.000000000873,37159.999999999854
firefox,result-size,GroupSoupMembership,50,102,102,10000,1,hot-resolvers,30,1739.9999999997817,2159.9999999998545
firefox,result-size,GroupSoupMembership,50,102,102,10000,1,hot-json,30,1939.9999999986903,2599.999999998545
firefox,result-size,ItemPreview,50,52,52,10000,1,hot-resolvers,30,1799.9999999992724,2180.000000000291
firefox,result-size,ItemPreview,50,52,52,10000,1,hot-json,30,1679.999999998472,2140.000000001237
firefox,result-size,ItemPreviewFileTypeCacheWrite,50,52,52,10000,1,hot-resolvers,30,1520.0000000004366,2899.999999999636
firefox,result-size,ItemPreviewFileTypeCacheWrite,50,52,52,10000,1,hot-json,30,1500,2620.0000000008004
firefox,result-size,ItemPreviewNameCacheWrite,50,52,52,10000,1,hot-resolvers,30,1360.000000000582,1779.9999999988358
firefox,result-size,ItemPreviewNameCacheWrite,50,52,52,10000,1,hot-json,30,1360.000000000582,1819.999999999709
firefox,result-size,ItemPreviews,50,60,60,10000,1,hot-resolvers,30,2120.0000000008004,3239.9999999997817
firefox,result-size,ItemPreviews,50,60,60,10000,1,hot-json,30,2020.0000000004366,2639.999999999418
firefox,result-size,MailAccounts,50,52,52,10000,1,hot-resolvers,30,1239.9999999997817,1579.9999999999272
firefox,result-size,MailAccounts,50,52,52,10000,1,hot-json,30,1219.9999999993452,2480.0000000013824
firefox,result-size,MyActivity,50,52,52,10000,1,hot-resolvers,30,2479.9999999995634,4340.0000000001455
firefox,result-size,MyActivity,50,52,52,10000,1,hot-json,30,2000,2759.9999999983993
firefox,result-size,MyActivityOverview,50,2,2,10000,1,hot-resolvers,30,1440.0000000005093,1899.9999999996362
firefox,result-size,MyActivityOverview,50,2,2,10000,1,hot-json,30,1260.0000000002183,1840.0000000001455
firefox,result-size,Soup,50,323,323,10000,1,hot-resolvers,30,17039.999999999054,21100.000000000364
firefox,result-size,Soup,50,323,323,10000,1,hot-json,30,16819.99999999971,22640.000000003056
firefox,result-size,SoupBackfill,50,363,363,10000,1,hot-resolvers,30,23920.00000000189,29380.00000000102
firefox,result-size,SoupBackfill,50,363,363,10000,1,hot-json,30,21780.000000002474,28139.999999999418
firefox,result-size,SoupMailBackfill,50,323,323,10000,1,hot-resolvers,30,16959.999999999127,20899.999999997817
firefox,result-size,SoupMailBackfill,50,323,323,10000,1,hot-json,30,16759.9999999984,19860.000000000582
firefox,result-size,SoupMembership,50,52,52,10000,1,hot-resolvers,30,1099.9999999985448,2680.000000000291
firefox,result-size,SoupMembership,50,52,52,10000,1,hot-json,30,919.9999999982538,1540.0000000008731
firefox,result-size,SoupNotifications,50,152,152,10000,1,hot-resolvers,30,8760.000000002037,10959.999999999127
firefox,result-size,SoupNotifications,50,152,152,10000,1,hot-json,30,9060.00000000131,13819.999999999709
firefox,result-size,SoupSharedMailBackfill,50,323,323,10000,1,hot-resolvers,30,17799.999999999272,26099.999999998545
firefox,result-size,SoupSharedMailBackfill,50,323,323,10000,1,hot-json,30,19819.99999999971,25020.000000000437
firefox,result-size,ChannelListItemFields,50,180,180,10000,1,records-hot,30,7420.000000001892,10939.99999999869
firefox,result-size,EmailThreadMessageFields,50,253,253,10000,1,records-hot,30,25000,30200.000000000728
firefox,result-size,GraphqlChannelQuickAccessFields,50,52,52,10000,1,records-hot,30,2619.9999999989814,3439.9999999986903
firefox,result-size,GraphqlChatQuickAccessName,50,52,52,10000,1,records-hot,30,1680.000000000291,2360.000000000582
firefox,result-size,GraphqlCrmCompanyQuickAccessFields,50,52,52,10000,1,records-hot,30,2100.000000002183,2540.000000000873
firefox,result-size,GraphqlDocumentQuickAccessName,50,52,52,10000,1,records-hot,30,1959.9999999991269,3059.9999999976717
firefox,result-size,GraphqlProjectQuickAccessName,50,52,52,10000,1,records-hot,30,1639.999999999418,2539.999999997235
firefox,result-size,ItemPreviewFields,50,52,52,10000,1,records-hot,30,1720.0000000011642,2099.999999998545
firefox,result-size,MailItemFields,50,272,272,10000,1,records-hot,30,15860.000000000582,21779.999999998836
firefox,result-size,SoupItemFields,50,272,272,10000,1,records-hot,30,15840.000000003783,20260.000000002037
firefox,result-size,AgentSessionMentions,1000,1086,1086,10000,1,hot-resolvers,30,12799.999999999955,15319.999999999936
firefox,result-size,AgentSessionMentions,1000,1086,1086,10000,1,hot-json,30,12279.999999999973,17220.00000000003
firefox,result-size,ChannelListSoup,1000,4584,4584,10000,1,hot-resolvers,30,173739.99999999977,219219.99999999753
firefox,result-size,ChannelListSoup,1000,4584,4584,10000,1,hot-json,30,182079.9999999981,210380.00000000102
firefox,result-size,ChannelUnreadPresence,1000,1170,1170,10000,1,hot-resolvers,30,13619.999999998981,16299.999999999272
firefox,result-size,ChannelUnreadPresence,1000,1170,1170,10000,1,hot-json,30,12359.999999996944,15639.999999999418
firefox,result-size,EmailThreadPage,1000,6003,6003,10000,1,hot-resolvers,30,550740.0000000052,613080.0000000017
firefox,result-size,EmailThreadPage,1000,6003,6003,10000,1,hot-json,30,582440.0000000023,654380.0000000047
firefox,result-size,EntityActivity,1000,3002,3002,10000,1,hot-resolvers,30,85479.99999999593,92940.00000000233
firefox,result-size,EntityActivity,1000,3002,3002,10000,1,hot-json,30,85240.00000000524,97900.00000000873
firefox,result-size,EntityProperties,1000,3002,3002,10000,1,hot-resolvers,30,84020.00000000407,92080.00000000175
firefox,result-size,EntityProperties,1000,3002,3002,10000,1,hot-json,30,84739.99999999069,94559.99999999767
firefox,result-size,Favorites,1000,1002,1002,10000,1,hot-resolvers,30,27479.999999995925,33319.99999999243
firefox,result-size,Favorites,1000,1002,1002,10000,1,hot-json,30,26580.000000001746,33040.00000000815
firefox,result-size,GroupSoup,1000,10835,10835,10000,1,hot-resolvers,30,1152119.9999999953,1243339.9999999965
firefox,result-size,GroupSoup,1000,10835,10835,10000,1,hot-json,30,1141639.9999999849,1220859.999999986
firefox,result-size,GroupSoupMembership,1000,2002,2002,10000,1,hot-resolvers,30,31619.999999995343,38500
firefox,result-size,GroupSoupMembership,1000,2002,2002,10000,1,hot-json,30,33500,42739.99999999069
firefox,result-size,ItemPreview,1000,1002,1002,10000,1,hot-resolvers,30,20059.99999999767,26559.99999999767
firefox,result-size,ItemPreview,1000,1002,1002,10000,1,hot-json,30,21360.000000015134,24779.999999998836
firefox,result-size,ItemPreviewFileTypeCacheWrite,1000,1002,1002,10000,1,hot-resolvers,30,10200.000000011642,13300.000000017462
firefox,result-size,ItemPreviewFileTypeCacheWrite,1000,1002,1002,10000,1,hot-json,30,9860.000000015134,13779.999999998836
firefox,result-size,ItemPreviewNameCacheWrite,1000,1002,1002,10000,1,hot-resolvers,30,19820.000000006985,25339.999999996508
firefox,result-size,ItemPreviewNameCacheWrite,1000,1002,1002,10000,1,hot-json,30,17279.999999998836,21440.00000000233
firefox,result-size,ItemPreviews,1000,1168,1168,10000,1,hot-resolvers,30,26679.999999993015,31179.999999993015
firefox,result-size,ItemPreviews,1000,1168,1168,10000,1,hot-json,30,27980.000000010477,32920.000000012806
firefox,result-size,MailAccounts,1000,1002,1002,10000,1,hot-resolvers,30,14380.000000004657,17760.000000009313
firefox,result-size,MailAccounts,1000,1002,1002,10000,1,hot-json,30,14179.999999993015,22019.999999989523
firefox,result-size,MyActivity,1000,1002,1002,10000,1,hot-resolvers,30,36320.000000006985,41959.99999999185
firefox,result-size,MyActivity,1000,1002,1002,10000,1,hot-json,30,33600.00000000582,42820.000000006985
firefox,result-size,MyActivityOverview,1000,2,2,10000,1,hot-resolvers,30,13980.000000010477,19260.000000009313
firefox,result-size,MyActivityOverview,1000,2,2,10000,1,hot-json,30,13640.00000001397,19220.000000001164
firefox,result-size,Soup,1000,6416,6416,10000,1,hot-resolvers,30,356239.9999999907,423940.0000000023
firefox,result-size,Soup,1000,6416,6416,10000,1,hot-json,30,352779.99999999884,415940.0000000023
firefox,result-size,SoupBackfill,1000,7246,7246,10000,1,hot-resolvers,30,446619.99999999534,494059.9999999977
firefox,result-size,SoupBackfill,1000,7246,7246,10000,1,hot-json,30,448339.9999999674,496419.9999999837
firefox,result-size,SoupMailBackfill,1000,6416,6416,10000,1,hot-resolvers,30,354979.9999999814,433959.99999996275
firefox,result-size,SoupMailBackfill,1000,6416,6416,10000,1,hot-json,30,357200.00000001164,433160.0000000326
firefox,result-size,SoupMembership,1000,1002,1002,10000,1,hot-resolvers,30,11679.999999993015,25500
firefox,result-size,SoupMembership,1000,1002,1002,10000,1,hot-json,30,10600.000000034925,14459.999999962747
firefox,result-size,SoupNotifications,1000,3002,3002,10000,1,hot-resolvers,30,189059.99999999767,217440.00000000233
firefox,result-size,SoupNotifications,1000,3002,3002,10000,1,hot-json,30,189899.99999996508,210500
firefox,result-size,SoupSharedMailBackfill,1000,6416,6416,10000,1,hot-resolvers,30,362700.00000001164,397600.0000000349
firefox,result-size,SoupSharedMailBackfill,1000,6416,6416,10000,1,hot-json,30,364979.9999999814,458440.0000000023
firefox,result-size,ChannelListItemFields,1000,3581,3581,10000,2,records-hot,30,162899.99999996508,184000
firefox,result-size,EmailThreadMessageFields,1000,5003,5003,10000,2,records-hot,30,519080.0000000163,563019.9999999604
firefox,result-size,GraphqlChannelQuickAccessFields,1000,1002,1002,10000,2,records-hot,30,50500,58760.00000000931
firefox,result-size,GraphqlChatQuickAccessName,1000,1002,1002,10000,2,records-hot,30,32000,39119.99999999534
firefox,result-size,GraphqlCrmCompanyQuickAccessFields,1000,1002,1002,10000,2,records-hot,30,40139.99999995576,47480.00000003958
firefox,result-size,GraphqlDocumentQuickAccessName,1000,1002,1002,10000,2,records-hot,30,38779.99999996973,50820.000000006985
firefox,result-size,GraphqlProjectQuickAccessName,1000,1002,1002,10000,2,records-hot,30,27780.00000002794,33880.00000000466
firefox,result-size,ItemPreviewFields,1000,1002,1002,10000,2,records-hot,30,32459.999999962747,39419.9999999837
firefox,result-size,MailItemFields,1000,5413,5413,10000,2,records-hot,30,342219.99999997206,402420.0000000419
firefox,result-size,SoupItemFields,1000,5413,5413,10000,2,records-hot,30,340500,390460.00000002095
firefox,result-size,AgentSessionMentions,10000,10836,10836,10000,1,hot-resolvers,10,296239.99999999977,436559.9999999995
firefox,result-size,AgentSessionMentions,10000,10836,10836,10000,1,hot-json,10,301739.99999999977,410219.99999999936
firefox,result-size,ChannelListSoup,10000,45834,45834,10000,1,hot-resolvers,10,4676040.000000008,4950839.999999996
firefox,result-size,ChannelListSoup,10000,45834,45834,10000,1,hot-json,10,4630319.999999978,4733400.000000023
firefox,result-size,ChannelUnreadPresence,10000,11670,11670,10000,1,hot-resolvers,10,315820.000000007,345000
firefox,result-size,ChannelUnreadPresence,10000,11670,11670,10000,1,hot-json,10,323039.99999997905,336779.99999999884
firefox,result-size,EmailThreadPage,10000,60003,60003,10000,1,hot-resolvers,10,11625819.999999948,11844200.000000011
firefox,result-size,EmailThreadPage,10000,60003,60003,10000,1,hot-json,10,11816640.000000015,12032919.999999983
firefox,result-size,EntityActivity,10000,30002,30002,10000,1,hot-resolvers,10,2267459.9999999627,2394179.999999935
firefox,result-size,EntityActivity,10000,30002,30002,10000,1,hot-json,10,2257919.9999999255,2397039.999999921
firefox,result-size,EntityProperties,10000,30002,30002,10000,1,hot-resolvers,10,2348239.9999999907,2409500
firefox,result-size,EntityProperties,10000,30002,30002,10000,1,hot-json,10,2324039.999999921,2428000
firefox,result-size,Favorites,10000,10002,10002,10000,1,hot-resolvers,10,522299.99999993015,631840.0000000838
firefox,result-size,Favorites,10000,10002,10002,10000,1,hot-json,10,517099.9999999767,591599.9999999767
firefox,result-size,GroupSoup,10000,108335,108335,10000,1,hot-resolvers,10,14439260.00000001,14759459.999999963
firefox,result-size,GroupSoup,10000,108335,108335,10000,1,hot-json,10,14426120.000000112,14721219.999999972
firefox,result-size,GroupSoupMembership,10000,20002,20002,10000,1,hot-resolvers,10,901179.9999999348,1009520.0000000186
firefox,result-size,GroupSoupMembership,10000,20002,20002,10000,1,hot-json,10,899539.9999998044,982300.0000000466
firefox,result-size,ItemPreview,10000,10002,10002,10000,1,hot-resolvers,10,399260.0000000093,412840.0000000838
firefox,result-size,ItemPreview,10000,10002,10002,10000,1,hot-json,10,398000,421459.99999996275
firefox,result-size,ItemPreviewFileTypeCacheWrite,10000,10002,10002,10000,1,hot-resolvers,10,213780.00000002794,230639.99999989755
firefox,result-size,ItemPreviewFileTypeCacheWrite,10000,10002,10002,10000,1,hot-json,10,222020.00000001863,248419.9999999255
firefox,result-size,ItemPreviewNameCacheWrite,10000,10002,10002,10000,1,hot-resolvers,10,343700.00000018626,368100.00000009313
firefox,result-size,ItemPreviewNameCacheWrite,10000,10002,10002,10000,1,hot-json,10,344800.00000004657,379079.9999998417
firefox,result-size,ItemPreviews,10000,11668,11668,10000,1,hot-resolvers,10,586620.0000001118,668939.9999999441
firefox,result-size,ItemPreviews,10000,11668,11668,10000,1,hot-json,10,590719.9999999721,625060.0000000559
firefox,result-size,MailAccounts,10000,10002,10002,10000,1,hot-resolvers,10,283719.99999997206,344799.99999981374
firefox,result-size,MailAccounts,10000,10002,10002,10000,1,hot-json,10,279600.00000009313,364199.99999995343
firefox,result-size,MyActivity,10000,10002,10002,10000,1,hot-resolvers,10,613380.0000001211,686280.0000000279
firefox,result-size,MyActivity,10000,10002,10002,10000,1,hot-json,10,616459.9999999627,706479.9999999814
firefox,result-size,MyActivityOverview,10000,2,2,10000,1,hot-resolvers,10,133020.00000001863,149839.999999851
firefox,result-size,MyActivityOverview,10000,2,2,10000,1,hot-json,10,134979.99999998137,183640.00000013039
firefox,result-size,Soup,10000,64166,64166,10000,1,hot-resolvers,10,7760399.999999907,7946380.000000121
firefox,result-size,Soup,10000,64166,64166,10000,1,hot-json,10,7806260.000000009,7879080.0000000745
firefox,result-size,SoupBackfill,10000,72496,72496,10000,1,hot-resolvers,10,12075080.000000075,12298240.000000224
firefox,result-size,SoupBackfill,10000,72496,72496,10000,1,hot-json,10,12006040.000000037,12148439.999999944
firefox,result-size,SoupMailBackfill,10000,64166,64166,10000,1,hot-resolvers,10,7860560.000000056,8017360.000000335
firefox,result-size,SoupMailBackfill,10000,64166,64166,10000,1,hot-json,10,7782099.9999996275,8137580.0000000745
firefox,result-size,SoupMembership,10000,10002,10002,10000,1,hot-resolvers,10,202779.9999997951,228939.99999994412
firefox,result-size,SoupMembership,10000,10002,10002,10000,1,hot-json,10,208740.00000022352,216399.99999990687
firefox,result-size,SoupNotifications,10000,30002,30002,10000,1,hot-resolvers,10,3941099.9999996275,4041060.000000056
firefox,result-size,SoupNotifications,10000,30002,30002,10000,1,hot-json,10,3924620.0000001118,4008000
firefox,result-size,SoupSharedMailBackfill,10000,64166,64166,10000,1,hot-resolvers,10,8117099.9999996275,8247199.999999721
firefox,result-size,SoupSharedMailBackfill,10000,64166,64166,10000,1,hot-json,10,8060699.999999721,8214280.000000261
firefox,result-size,ChannelListItemFields,10000,35831,35831,10000,20,records-hot,10,3667060.000000056,3762359.9999998696
firefox,result-size,EmailThreadMessageFields,10000,50003,50003,10000,20,records-hot,10,10120379.999999888,10292100.000000093
firefox,result-size,GraphqlChannelQuickAccessFields,10000,10002,10002,10000,20,records-hot,10,565039.9999995716,615320.000000298
firefox,result-size,GraphqlChatQuickAccessName,10000,10002,10002,10000,20,records-hot,10,290799.99999981374,344659.99999968335
firefox,result-size,GraphqlCrmCompanyQuickAccessFields,10000,10002,10002,10000,20,records-hot,10,406879.99999988824,440439.9999999441
firefox,result-size,GraphqlDocumentQuickAccessName,10000,10002,10002,10000,20,records-hot,10,375959.99999996275,479800.0000002794
firefox,result-size,GraphqlProjectQuickAccessName,10000,10002,10002,10000,20,records-hot,10,324359.9999998696,361120.00000011176
firefox,result-size,ItemPreviewFields,10000,10002,10002,10000,20,records-hot,10,328560.0000000559,398100.00000009313
firefox,result-size,MailItemFields,10000,54163,54163,10000,20,records-hot,10,6798799.999999814,6964080.0000000745
firefox,result-size,SoupItemFields,10000,54163,54163,10000,20,records-hot,10,6682300.000000279,6718179.999999702
