INSERT INTO comms_channels (id, name, channel_type, org_id, owner_id)
VALUES ('11111111-1111-1111-1111-111111111111', 'private-channel', 'private', NULL, 'owner1'),
       ('22222222-2222-2222-2222-222222222222', 'private-channel', 'private', NULL, 'owner1');

INSERT INTO comms_channel_participants (channel_id, role, user_id)
VALUES ('11111111-1111-1111-1111-111111111111', 'owner', 'user1'),
       ('11111111-1111-1111-1111-111111111111', 'member', 'user2'),
       ('11111111-1111-1111-1111-111111111111', 'member', 'user3'),
       ('11111111-1111-1111-1111-111111111111', 'member', 'user4'),
       ('22222222-2222-2222-2222-222222222222', 'owner', 'user5'),
       ('22222222-2222-2222-2222-222222222222', 'member', 'user6');

INSERT INTO comms_messages (id, channel_id, thread_id, sender_id, content)
VALUES ('11111111-1111-1111-1111-111111111111', '11111111-1111-1111-1111-111111111111',
        '11111111-1111-1111-1111-111111111111', 'user1', 'Test message 1'),
       ('22222222-2222-2222-2222-222222222222', '11111111-1111-1111-1111-111111111111',
        '11111111-1111-1111-1111-111111111111', 'user2', 'Test message 1'),
       ('33333333-3333-3333-3333-333333333333', '11111111-1111-1111-1111-111111111111',
        '11111111-1111-1111-1111-111111111111', 'user3', 'Test message 1'),
       ('44444444-4444-4444-4444-444444444444', '11111111-1111-1111-1111-111111111111',
        '11111111-1111-1111-1111-111111111111', 'user4', 'Test message 1'),
       ('55555555-5555-5555-5555-555555555555', '11111111-1111-1111-1111-111111111111',
        '22222222-2222-2222-2222-222222222222', 'user5', 'Test message 1');


